date,sabah_precip_roll3m,sabah_precip_roll6m,sabah_precip_roll12m,sabah_dsi,sabah_spei_3m,sabah_spei_6m,sabah_tmean_roll3m,sabah_heat_days_roll3m,sabah_solar_anom,riau_sumatra_precip_roll3m,riau_sumatra_precip_roll6m,riau_sumatra_precip_roll12m,riau_sumatra_dsi,riau_sumatra_spei_3m,riau_sumatra_spei_6m,riau_sumatra_tmean_roll3m,riau_sumatra_heat_days_roll3m,riau_sumatra_solar_anom,west_kalim_precip_roll3m,west_kalim_precip_roll6m,west_kalim_precip_roll12m,west_kalim_dsi,west_kalim_spei_3m,west_kalim_spei_6m,west_kalim_tmean_roll3m,west_kalim_heat_days_roll3m,west_kalim_solar_anom,peninsular_my_precip_roll3m,peninsular_my_precip_roll6m,peninsular_my_precip_roll12m,peninsular_my_dsi,peninsular_my_spei_3m,peninsular_my_spei_6m,peninsular_my_tmean_roll3m,peninsular_my_heat_days_roll3m,peninsular_my_solar_anom,oni_current,oni_lag6m,oni_lag9m,oni_lag12m,oni_lag15m,oni_lag18m,enso_phase,oni_x_dsi,area_mean_precip,area_cv_precip,area_precip_roll3m,supply_disruption_score,sentiment_score,confidence,eps_ban,eps_liberalisation,eps_neutral,eps_restriction,po_flat,po_moderate_decline,po_moderate_growth,ds_moderate,ds_strong,ds_weak,supply_disruption_score_lag1m,sentiment_score_lag1m,confidence_lag1m,soy_oil_usd,crude_brent_usd,usdmyr,crude_wti,soy_oil_mom,soy_oil_roll3m,crude_roll3m,crude_mom,usdmyr_roll3m,usdmyr_mom,soy_oil_usd_lag1m,crude_brent_usd_lag1m,usdmyr_lag1m,crude_wti_lag1m
1995-01-01,,,,,,,,,,,,,,,,,,,,,,,,,,,,,,,,,,,,,0.96,,,,,,1.0,0.0,252.575,0.3918002983212866,,0.0,0.0,,0.0,0.0,0.0,0.0,0.0,0.0,0.0,0.0,0.0,0.0,0.0,0.0,,674.0,16.63,,,-2.741702741702745,691.0,16.596666666666664,4.197994987468667,,,693.0,15.96,,
1995-02-01,,,,,,,,,,,,,,,,,,,,,,,,,,,,,,,,,,,,,0.72,,,,,,1.0,0.0,206.85,0.3677128384594961,,0.0,0.0,,0.0,0.0,0.0,0.0,0.0,0.0,0.0,0.0,0.0,0.0,0.0,0.0,,663.0,17.08,,,-1.6320474777448024,676.6666666666666,16.55666666666666,2.7059530968129852,,,674.0,16.63,,
1995-03-01,462.7,,,,-0.6540692470385296,,25.367741935483867,0.0,,826.4,,,,1.516622682091681,,26.001612903225805,1.0,,887.7,,,,1.038026264353777,,26.06536098310292,0.0,,459.1,,,,-0.5262277981033098,,26.594815668202767,24.0,,0.53,,,,,,1.0,0.0,199.55,0.3197729067185881,658.975,0.0,0.0,,0.0,0.0,0.0,0.0,0.0,0.0,0.0,0.0,0.0,0.0,0.0,0.0,,652.0,17.01,,,-1.6591251885369585,663.0,16.906666666666666,-0.4098360655737543,,,663.0,17.08,,
1995-04-01,369.6,,,,-1.257194337652434,,25.860035842293907,2.0,,789.5,,,,1.2772535044766111,,26.26749103942652,2.0,,868.4000000000001,,,,0.9286323444775314,,26.219447004608295,0.0,,481.7000000000001,,,,-0.3987257389253139,,27.16926011264721,37.0,,0.3,,,,,,0.0,0.0,220.9,0.5320311685621768,627.3,0.0,0.0,,0.0,0.0,0.0,0.0,0.0,0.0,0.0,0.0,0.0,0.0,0.0,0.0,,610.0,18.67,,,-6.441717791411039,641.6666666666666,17.586666666666662,9.758965314520873,,,652.0,17.01,,
1995-05-01,327.4,,,,-1.531317075473858,,26.495519713261647,18.0,,733.8,,,,0.9157331215878044,,26.775555555555552,8.0,,833.1,,,,0.7285241176340204,,26.516451612903225,2.0,,522.7,,,,-0.1665776657075248,,27.67874551971326,51.0,,0.14,,,,,,0.0,0.0,183.8,0.2532062153793566,604.25,0.0,0.0,,0.0,0.0,0.0,0.0,0.0,0.0,0.0,0.0,0.0,0.0,0.0,0.0,,595.0,18.38,,,-2.4590163934426257,619.0,18.02,-1.5532940546331142,,,610.0,18.67,,
1995-06-01,361.0,823.7,,20.938709677419325,-1.3143575950684827,-1.191411617428461,26.71548387096774,25.0,,654.7,1481.1,,0.0,0.403260059433645,1.488206818771605,26.981397849462365,10.0,,735.6999999999999,1623.4,,12.983870967741922,0.1774500266461893,0.84504829706526,26.6568458781362,4.0,,526.3,985.4,,0.0,-0.1461914952709251,-0.4860624722147952,27.721469534050183,51.0,,-0.03,,,,,,0.0,0.0,164.725,0.0423600685777669,569.4250000000001,0.0,0.0,,0.0,0.0,0.0,0.0,0.0,0.0,0.0,0.0,0.0,0.0,0.0,0.0,,611.0,17.35,,,2.6890756302520913,605.3333333333334,18.133333333333333,-5.603917301414563,,,595.0,18.38,,
1995-07-01,481.8,851.4000000000001,,0.0,-0.532635903584331,-1.0838446871535277,26.55652329749104,26.0,,458.1,1247.6,,28.26129032258065,-0.8697237728504972,0.3192235175398563,27.082186379928316,11.0,,630.3,1498.6999999999998,,0.0,-0.4185251355380856,0.3538269329694815,26.579103942652335,4.0,,452.7000000000001,934.4,,2.3612903225806434,-0.5643709043027899,-0.6919858753169547,27.709390681003583,54.0,,-0.24,0.96,,,,,0.0,0.0,157.2,0.3954270654922561,505.725,0.0,0.0,,0.0,0.0,0.0,0.0,0.0,0.0,0.0,0.0,0.0,0.0,0.0,0.0,,626.0,15.86,,,2.454991816693952,610.6666666666666,17.196666666666662,-8.587896253602311,,,611.0,17.35,,
1995-08-01,572.8,900.2,,0.0,0.0565748805868776,-0.8940703367626376,26.254372759856633,12.0,,423.1,1156.9,,0.0,-1.0959371627778025,-0.1350692047907321,26.873584229390683,6.0,,787.7,1620.8,,0.0,0.4721397198533398,0.8347328553977396,26.274802867383514,3.0,,564.7,1087.4,,0.0,0.0726989159022408,-0.0762092874923405,27.28573476702509,36.0,,-0.54,0.72,,,,,-1.0,0.0,265.15,0.3536547185904506,587.075,0.0,0.0,,0.0,0.0,0.0,0.0,0.0,0.0,0.0,0.0,0.0,0.0,0.0,0.0,,616.0,16.07,,,-1.5974440894568676,617.6666666666666,16.426666666666666,1.3240857503152625,,,626.0,15.86,,
1995-09-01,657.2,1018.2,,0.0,0.602668907278707,-0.4344909103120755,26.185483870967744,11.0,,422.6,1077.3,,25.216129032258067,-1.0989755734570432,-0.5335372207837639,26.76469534050179,6.0,,812.4,1548.1,,37.27741935483871,0.6120496590522156,0.5483967788021316,26.137025089605732,3.0,,571.2,1097.5,,0.0,0.1100757233075451,-0.0352884899947047,27.010179211469534,27.0,,-0.81,0.53,,,,,-1.0,0.0,193.5,0.1790089173772206,615.8499999999999,0.0,0.0,,0.0,0.0,0.0,0.0,0.0,0.0,0.0,0.0,0.0,0.0,0.0,0.0,,614.0,16.78,,,-0.32467532467532756,618.6666666666666,16.236666666666665,4.418170504044805,,,616.0,16.07,,
1995-10-01,756.8,1238.6,,,1.2470212316002198,0.4244190772106316,26.15430107526882,11.0,,634.8,1092.9,,,0.2749789687417077,-0.455491240095988,26.677598566308244,8.0,,897.6999999999999,1528.0,,,1.0944867395324582,0.4693284827994913,26.126272401433692,5.0,,730.2,1182.9,,,1.0139196291624817,0.3087688849675415,26.76179211469534,18.0,,-0.97,0.3,0.96,,,,-1.0,0.0,296.22499999999997,0.0455416765477649,754.875,0.0,0.0,,0.0,0.0,0.0,0.0,0.0,0.0,0.0,0.0,0.0,0.0,0.0,0.0,,638.0,16.12,,,3.9087947882736174,622.6666666666666,16.323333333333334,-3.933253873659115,,,614.0,16.78,,
1995-11-01,761.5,1334.3,,,1.2776627697491671,0.7977498752822495,26.020967741935483,12.0,,679.7,1102.8,,,0.5657857071951262,-0.4055633824440907,26.610358422939072,8.0,,880.1999999999999,1667.9,,,0.995374284611758,1.0205681951734404,26.215949820788527,5.0,,848.3,1413.0,,,1.6854207330188715,1.2357945992818222,26.47508960573477,17.0,,-1.0,0.14,0.72,,,,-1.0,0.0,302.7,0.2938061031658001,792.425,0.0,0.0,,0.0,0.0,0.0,0.0,0.0,0.0,0.0,0.0,0.0,0.0,0.0,0.0,,623.0,16.88,,,-2.351097178683381,625.0,16.59333333333333,4.714640198511155,,,638.0,16.12,,
1995-12-01,746.1999999999999,1403.4,2227.1,,1.1791060929157422,1.0672971044740405,25.787096774193547,6.0,-3.24764624935996,746.0,1168.6,2649.7,,0.995815691434204,-0.0755174103787561,26.165017921146955,5.0,-2.0838159882232468,898.1999999999999,1710.6,3334.0,,1.097414100042074,1.1890628053488723,26.06279569892473,4.0,0.2844114823348693,989.9,1561.1,2546.5,,2.4909479510419272,1.832929757875972,25.870286738351258,7.0,-3.1445069764464932,-0.98,-0.03,0.53,,,,-1.0,0.0,246.15,0.2091796800053604,845.075,0.0,0.0,,0.0,0.0,0.0,0.0,0.0,0.0,0.0,0.0,0.0,0.0,0.0,0.0,,579.0,17.96,,,-7.06260032102729,613.3333333333334,16.986666666666665,6.39810426540286,,,623.0,16.88,,
1996-01-01,786.4,1543.2,2394.6,,1.4400830576063075,1.612567798498992,25.25806451612903,3.0,-6.8607107654889905,615.8,1250.6,2498.2000000000003,,0.1535227723429363,0.3354339715078276,25.81232974910394,1.0,-0.0094342677931376,760.0999999999999,1657.8000000000002,3156.5,,0.3166926099322172,0.9813365549173416,25.861720430107525,2.0,0.3178792242703547,872.5999999999999,1602.8,2537.2,,1.8252238733284707,2.0016200441388867,25.372437275985664,0.0,-0.3377596646185381,-0.9,-0.24,0.3,0.96,,,-1.0,0.0,209.875,0.3688490909193643,758.7250000000001,0.0,0.0,,0.0,0.0,0.0,0.0,0.0,0.0,0.0,0.0,0.0,0.0,0.0,0.0,,554.0,17.94,,,-4.317789291882557,585.3333333333334,17.59333333333333,-0.11135857461024301,,,579.0,17.96,,
1996-02-01,855.8,1617.3,2517.5,,1.8896633222604304,1.9018005438419416,24.89254727474972,0.0,-3.685148003955012,596.3,1276.0,2432.9,,0.0276943102596778,0.4629550257063876,25.579532814238046,0.0,0.1171270238536656,686.8999999999999,1567.1,3187.9,,-0.0969954878571553,0.6242205522206169,25.669076751946605,2.0,-0.4789747868001477,610.1,1458.4,2545.8,,0.3339063557407766,1.4208407508109826,25.23032999629218,0.0,-0.183435051291557,-0.75,-0.54,0.14,0.72,,,-1.0,0.0,231.25,0.3852615427120234,687.2750000000001,0.0,0.0,,0.0,0.0,0.0,0.0,0.0,0.0,0.0,0.0,0.0,0.0,0.0,0.0,,548.0,17.97,,,-1.0830324909747335,560.3333333333334,17.956666666666663,0.16722408026754731,,,554.0,17.94,,
1996-03-01,742.4,1488.6,2506.8,,1.1557061401770596,1.40038584849688,25.111902113459397,1.0,2.2432808058336455,568.3000000000001,1314.3,2391.6,,-0.1541021856827548,0.654828748789482,25.872005932517613,0.0,1.578798325299715,722.5999999999999,1620.8000000000002,3168.9,,0.1046493348166563,0.8357075396409748,25.83466814979607,4.0,1.5151316277345206,425.1,1415.0,2512.5,,-0.7182450926003884,1.2461257246141118,25.849684835001852,5.0,3.71298041033247,-0.59,-0.81,-0.03,0.53,,,-1.0,0.0,173.47500000000002,0.3415299362178103,614.6000000000001,0.0,0.0,,0.0,0.0,0.0,0.0,0.0,0.0,0.0,0.0,0.0,0.0,0.0,0.0,,538.0,19.99,,,-1.8248175182481785,546.6666666666666,18.63333333333333,11.240957150806906,,,548.0,17.97,,
1996-04-01,588.0,1374.4,2613.0,,0.1554468925782595,0.9551235904718376,25.941077740699544,14.0,3.6925164689160783,693.3,1309.1,2402.0,,0.6545663496730726,0.6288385581106812,26.20211345939933,0.0,-0.2361389506859463,830.4999999999999,1590.6,3118.6,,0.7144389098657042,0.7166699880681222,26.120904708935853,5.0,1.0733628105302184,513.3,1385.9,2568.8,,-0.2182699409291078,1.1287048697442992,26.598000247188235,21.0,2.403492059077987,-0.39,-0.97,-0.24,0.3,0.96,,0.0,0.0,251.55,0.221849501822644,656.2750000000001,0.0,0.0,,0.0,0.0,0.0,0.0,0.0,0.0,0.0,0.0,0.0,0.0,0.0,0.0,,582.0,21.01,,,8.178438661710041,556.0,19.656666666666666,5.102551275637834,,,538.0,19.99,,
1996-05-01,491.5,1347.3,2681.6,,-0.4698915816368344,0.8492661946369231,26.55928315412186,23.0,1.9915325979483391,620.1999999999999,1216.5,2319.2999999999997,,0.1803686771206398,0.1650443730886931,26.725806451612907,7.0,1.0775330923248043,694.8999999999999,1381.8,3049.7000000000003,,-0.0532360373257062,-0.1060351477348284,26.617419354838702,8.0,2.1277714126807545,531.3,1141.4,2554.4,,-0.1173693397815,0.1436973233768451,27.46551971326165,42.0,1.9449329192930376,-0.31,-1.0,-0.54,0.14,0.72,,0.0,0.0,159.45000000000002,0.225940093516236,584.4750000000001,0.0,0.0,,0.0,0.0,0.0,0.0,0.0,0.0,0.0,0.0,0.0,0.0,0.0,0.0,,591.0,19.12,,,1.546391752577314,570.3333333333334,20.04,-8.995716325559256,,,582.0,21.01,,
1996-06-01,527.6,1270.0,2673.4,29.138709677419342,-0.2362889752223531,0.5479076833804782,26.516021505376344,22.0,0.877537974292423,557.8,1126.1,2294.7,0.0,-0.2238252149082202,-0.2879007883497775,26.843118279569893,9.0,-0.2898002410085301,669.3,1391.9,3102.5,0.0,-0.1980707838749879,-0.0664724226338683,26.650537634408604,5.0,-0.353204393770854,534.5,959.6,2520.7,0.0,-0.0994273608544257,-0.5889635928221375,27.615412186379928,48.0,-0.095294679273266,-0.3,-0.98,-0.81,-0.03,0.53,,0.0,-0.8741612903225803,161.3,0.2374762368477684,572.3000000000001,0.0,0.0,,0.0,0.0,0.0,0.0,0.0,0.0,0.0,0.0,0.0,0.0,0.0,0.0,,563.0,18.27,,,-4.737732656514382,578.6666666666666,19.466666666666665,-4.445606694560677,,,591.0,19.12,,
1996-07-01,446.3,1034.3,2577.5,70.88064516129033,-0.7620340709111962,-0.3711893318696753,26.421254480286738,20.0,2.455113243109629,380.49999999999994,1073.8,2324.3999999999996,0.0,-1.3719166293576175,-0.5502599565593407,26.97537634408602,16.0,0.8161459955506114,534.8,1365.3,3023.1000000000004,10.087096774193526,-0.9587245062100602,-0.1715347142876272,26.63741935483871,7.0,0.9761181868743058,435.6,948.9,2551.7000000000003,0.0,-0.6613493068728022,-0.6328483148675136,27.59505376344086,50.0,1.6905279013718904,-0.27,-0.9,-0.97,-0.24,0.3,0.96,0.0,-17.01135483870968,128.55,0.2385344606719834,449.30000000000007,0.0,0.0,,0.0,0.0,0.0,0.0,0.0,0.0,0.0,0.0,0.0,0.0,0.0,0.0,,549.0,19.61,,,-2.48667850799289,567.6666666666666,18.999999999999996,7.334428024083195,,,563.0,18.27,,
1996-08-01,437.2,928.7,2546.0,0.0,-0.820836563783188,-0.7832405318717773,26.385770609318996,25.0,2.281511092571993,455.2999999999999,1075.5,2351.5,0.0,-0.8872170541296451,-0.5421424411522168,26.73344086021505,13.0,0.7695062106043764,685.1999999999998,1380.1,2947.2,0.0,-0.1076360652441753,-0.1134452810561669,26.326666666666668,6.0,0.5438870040786092,492.4,1023.7,2482.1,0.0,-0.3381096278488691,-0.3323762969083049,27.28537634408602,39.0,-0.4090957545420828,-0.32,-0.75,-1.0,-0.54,0.14,0.72,0.0,-0.0,227.675,0.2652679829952399,517.5250000000001,0.0,0.0,,0.0,0.0,0.0,0.0,0.0,0.0,0.0,0.0,0.0,0.0,0.0,0.0,,565.0,20.58,,,2.914389799635697,559.0,19.486666666666665,4.946455889852119,,,549.0,19.61,,
1996-09-01,476.0,1003.6,2492.2,0.0,-0.5701449128702737,-0.4915549882687749,26.552437275985664,39.0,2.7823990854035365,543.5999999999999,1101.4,2415.7000000000003,0.0,-0.3154302440514618,-0.4126003823061698,26.66344086021505,16.0,1.534490081572116,694.8999999999999,1364.2,2985.0,0.0,-0.0527245660079373,-0.1760681282044982,26.293333333333333,10.0,0.0751594055122986,478.9,1013.4,2428.4,45.68709677419356,-0.4148710850769955,-0.3740455468396645,27.318709677419353,42.0,0.6605583673217161,-0.35,-0.59,-0.98,-0.81,-0.03,0.53,0.0,-0.0,192.125,0.2450308912662522,548.3500000000001,0.0,0.0,,0.0,0.0,0.0,0.0,0.0,0.0,0.0,0.0,0.0,0.0,0.0,0.0,,569.0,22.59,,,0.707964601769917,561.0,20.926666666666666,9.76676384839652,,,565.0,20.58,,
1996-10-01,588.6,1034.9,2409.3,,0.1585905489576195,-0.3692959393587358,26.361039426523305,32.0,0.9348238165863308,728.3,1108.8,2417.9,,0.8806390091408595,-0.3755155932704365,26.49247311827957,11.0,-0.3965851872450887,920.0,1454.8,3045.3999999999996,,1.22073055519781,0.1810484637612719,26.046021505376345,8.0,-2.2737653256704995,601.3,1036.9,2422.8,,0.2811457097858768,-0.2790492644447344,26.984301075268817,25.0,-1.878581417624522,-0.4,-0.39,-0.9,-0.97,-0.24,0.3,0.0,-0.0,289.75,0.2432879068631756,709.5500000000001,0.0,0.0,,0.0,0.0,0.0,0.0,0.0,0.0,0.0,0.0,0.0,0.0,0.0,0.0,,528.0,24.18,,,-7.205623901581726,554.0,22.45,7.038512616201853,,,569.0,22.59,,
1996-11-01,554.8,992.0,2339.3,,-0.0598459563990549,-0.5362741900457189,26.24383512544803,22.0,-0.5220238536645674,743.9999999999999,1199.3,2415.8,,0.9822498943564938,0.0776769703108335,26.510179211469534,14.0,0.6072176801384259,839.9999999999998,1525.2,2907.0,,0.7684162627943378,0.4587561010888659,25.96179211469534,6.0,0.6172696205660593,648.8,1141.2,2282.6,,0.551427764048333,0.1414169851439195,26.74189964157706,20.0,-1.001466722284018,-0.45,-0.31,-0.75,-1.0,-0.54,0.14,0.0,-0.0,215.025,0.1681367094441557,696.9000000000001,0.0,0.0,,0.0,0.0,0.0,0.0,0.0,0.0,0.0,0.0,0.0,0.0,0.0,0.0,,517.0,22.64,,,-2.083333333333337,538.0,23.136666666666667,-6.368899917287008,,,528.0,24.18,,
1996-12-01,631.4000000000001,1107.4,2377.4,,0.4367121354283317,-0.0862132113728695,25.65483870967742,8.0,-4.57550772463231,763.3999999999999,1307.0,2433.1,,1.1082080730130486,0.6170035924751931,26.309103942652328,9.0,-0.8193145779260913,862.7999999999998,1557.6999999999998,2949.6,,0.8978321106508623,0.5871222758786107,25.66093189964158,2.0,-1.7000583364231885,852.3,1331.1999999999998,2290.8,,1.7091335691759928,0.9071861061140226,25.846845878136197,6.0,-5.081585001853913,-0.49,-0.3,-0.59,-0.98,-0.81,-0.03,0.0,-0.0,272.7,0.1444733585766807,777.4750000000001,0.0,0.0,,0.0,0.0,0.0,0.0,0.0,0.0,0.0,0.0,0.0,0.0,0.0,0.0,,514.0,23.9,,,-0.5802707930367523,519.6666666666666,23.573333333333334,5.5653710247349775,,,517.0,22.64,,
1997-01-01,557.4,1146.0,2180.3,,-0.0412346977715293,0.0648342486455687,25.231182795698924,4.0,-2.9420668644172547,529.4999999999999,1257.8000000000002,2331.6,,-0.4058215887359288,0.3712339833808676,26.16716845878136,7.0,0.5627015511061657,616.2999999999998,1536.3,2901.6,,-0.4963898141152191,0.5030198740422568,25.740501792114696,1.0,1.3253986528241235,600.0999999999999,1201.4,2150.3,,0.2764684194763794,0.3853252311822513,25.625340501792113,5.0,0.9433612347052288,-0.5,-0.27,-0.39,-0.9,-0.97,-0.24,-1.0,-0.0,88.1,0.5579862304900505,575.825,0.0,0.0,,0.0,0.0,0.0,0.0,0.0,0.0,0.0,0.0,0.0,0.0,0.0,0.0,,534.0,23.47,,,3.891050583657596,521.6666666666666,23.336666666666662,-1.7991631799163188,,,514.0,23.9,,
1997-02-01,660.9000000000001,1215.7,2144.4,,0.6290823066858998,0.3369973127941797,24.7823732718894,0.0,-4.245612007168459,447.49999999999983,1191.5,2267.0,,-0.9366712303746272,0.0394510363998022,26.15399385560676,0.0,-0.1866754352278583,538.4999999999999,1378.5,2758.6,,-0.9364959933825848,-0.1184646970713015,25.80637480798771,1.0,1.0205896057347663,538.5,1187.3,2211.0,,-0.0735874301525037,0.3288113974470517,25.651689708141323,1.0,0.3959986559139778,-0.36,-0.32,-0.31,-0.75,-1.0,-0.54,0.0,-0.0,185.55,0.3104479481772365,546.3500000000001,0.0,0.0,,0.0,0.0,0.0,0.0,0.0,0.0,0.0,0.0,0.0,0.0,0.0,0.0,,527.0,20.83,,,-1.310861423220977,525.0,22.73333333333333,-11.248402215594378,,,534.0,23.47,,
1997-03-01,529.7,1161.1,2164.7,,-0.2201591559186246,0.1245796779195123,25.0834485407066,1.0,0.7411084229390674,442.4999999999999,1205.9,2307.2999999999997,,-0.9691608766386878,0.1116981591563784,26.22066052227343,0.0,-1.091153161802353,464.89999999999986,1327.6999999999998,2691.9,,-1.353379686544496,-0.3186582562957628,26.21175115207373,6.0,2.7736003584229394,333.5,1185.8,2199.2000000000003,,-1.239530544322227,0.3229758732440191,26.36889400921659,6.0,2.352987903225806,-0.1,-0.35,-0.3,-0.59,-0.98,-0.81,0.0,-0.0,169.0,0.309434077870533,442.6500000000001,0.0,0.0,,0.0,0.0,0.0,0.0,0.0,0.0,0.0,0.0,0.0,0.0,0.0,0.0,,541.0,19.21,,,2.6565464895635715,534.0,21.169999999999998,-7.7772443590974465,,,527.0,20.83,,
1997-04-01,493.2000000000001,1050.6,2085.5,,-0.4572896019705439,-0.306104150684524,25.65771377368152,2.0,2.969439964157708,591.3999999999999,1120.9,2229.7000000000003,,-0.0054605255317961,-0.3136825357660671,26.381305683563752,3.0,-0.6435608678955465,568.8,1185.1,2639.9,,-0.7659685762548708,-0.8805239787011379,26.34150025601639,8.0,0.1749767025089603,509.6,1109.7,2146.6,,-0.2395098990840575,0.0164792413704425,26.741833077316944,16.0,1.070677867383516,0.28,-0.4,-0.27,-0.39,-0.9,-0.97,0.0,-0.0,186.2,0.3416394123293987,540.7500000000001,0.0,0.0,,0.0,0.0,0.0,0.0,0.0,0.0,0.0,0.0,0.0,0.0,0.0,0.0,,541.0,17.47,,,0.0,536.3333333333334,19.169999999999998,-9.057782404997406,,,541.0,19.21,,
1997-05-01,351.2,1012.1,2004.1,,-1.3771005593496275,-0.4563718405911133,26.352759856630826,15.0,1.5615474910394234,593.0999999999999,1040.6,2239.9,,0.005116096324043,-0.7158310210910038,26.617634408602154,11.0,0.6192939708141338,591.6999999999999,1130.2,2655.3999999999996,,-0.6368504571444938,-1.097097093419411,26.592114695340506,11.0,0.5161218637992846,397.0,935.5,2076.7,,-0.880509934823829,-0.6856105522861111,27.486917562724017,40.0,2.016473566308246,0.75,-0.45,-0.32,-0.31,-0.75,-1.0,1.0,-0.0,128.05,0.3698121331426431,483.25000000000017,0.0,0.0,,0.0,0.0,0.0,0.0,0.0,0.0,0.0,0.0,0.0,0.0,0.0,0.0,,541.0,19.1425,,,0.0,541.0,18.607499999999998,9.573554665140227,,,541.0,17.47,,
1997-06-01,323.9,853.6,1961.0,72.23870967741934,-1.554810525608375,-1.0748943220157938,26.9673476702509,42.0,3.050353942652329,442.79999999999984,885.3,2192.3,44.51935483870966,-0.9684037478951828,-1.4934327368002194,26.876487455197136,12.0,1.503045762928828,536.9999999999999,1001.9,2559.6,55.98387096774192,-0.9461661980068432,-1.6028247835882483,26.564265232974908,7.0,0.7869032258064514,388.6,722.0999999999999,2053.2999999999997,21.33870967741936,-0.9287500789602516,-1.5457695865753862,27.803655913978492,59.0,0.6497423835125424,1.22,-0.49,-0.35,-0.3,-0.59,-0.98,1.0,-21.6716129032258,108.825,0.133568204407129,423.0750000000001,0.0,0.0,,0.0,0.0,0.0,0.0,0.0,0.0,0.0,0.0,0.0,0.0,0.0,0.0,,550.0,17.55,,,1.6635859519408491,544.0,18.054166666666664,-8.31918505942274,,,541.0,19.1425,,
1997-07-01,398.1,891.3,2037.3,0.0,-1.074818489789746,-0.9286212375024192,26.965125448028676,52.0,1.0298431899641578,321.89999999999986,913.3,2171.1,19.76129032258065,-1.7514330067224215,-1.35378181634198,27.05025089605735,13.0,0.9657339349718406,412.5999999999999,981.4,2517.7,51.98709677419353,-1.6498788723478828,-1.6838175778469937,26.665698924731185,6.0,1.8418333333333337,320.4,830.0,2031.4,0.0,-1.316493496101396,-1.1120164561196375,27.945770609319,64.0,-0.3795264336917583,1.6,-0.5,-0.4,-0.27,-0.39,-0.9,1.0,-0.0,126.375,0.2481923423738547,363.2500000000001,0.0,0.0,,0.0,0.0,0.0,0.0,0.0,0.0,0.0,0.0,0.0,0.0,0.0,0.0,,535.0,18.4,,,-2.7272727272727226,542.0,18.364166666666662,4.843304843304841,,,550.0,17.55,,
1997-08-01,392.9,744.1,1959.8,55.074193548387086,-1.1085521989100178,-1.5029315667896432,27.01781362007169,62.0,2.778284050179213,359.7999999999999,952.9,2144.4,0.0,-1.5060796698121894,-1.155959055303929,27.057777777777783,14.0,0.9280726446492586,317.7999999999999,909.5,2288.0,96.58709677419355,-2.186210058768827,-1.9674021061305296,26.780752688172043,15.0,3.53874193548387,414.5,811.5,1998.8,9.083870967741944,-0.7811683824366003,-1.1868793224116774,27.55007168458781,54.0,0.6494520609318997,1.9,-0.36,-0.45,-0.32,-0.31,-0.75,1.0,-17.623741935483867,136.05,0.2883802006727327,371.2500000000001,0.0,0.0,,0.0,0.0,0.0,0.0,0.0,0.0,0.0,0.0,0.0,0.0,0.0,0.0,,544.0,18.71,,,1.6822429906542036,543.0,18.22,1.6847826086956674,,,535.0,18.4,,
1997-09-01,483.9,807.8,1968.9,0.0,-0.5193707255423277,-1.255106430702841,26.73448028673835,52.0,2.2875707885304664,355.4999999999999,798.3,2004.2,101.21612903225808,-1.5338010564021856,-1.929875113036182,26.99333333333333,15.0,2.6837572324628773,330.0999999999999,867.1,2194.7999999999997,92.67741935483872,-2.1164106832478526,-2.1342020959494175,26.63075268817205,15.0,0.3892284946236586,426.1,814.6999999999999,2000.5,43.98709677419356,-0.714991996569528,-1.1741728217576175,27.38673835125448,44.0,1.9516957885304649,2.14,-0.1,-0.49,-0.35,-0.3,-0.59,1.0,-0.0,136.475,0.3391913160658906,398.9000000000001,0.0,0.0,,0.0,0.0,0.0,0.0,0.0,0.0,0.0,0.0,0.0,0.0,0.0,0.0,,555.0,18.45,,,2.0220588235294157,544.6666666666666,18.52,-1.3896312132549493,,,544.0,18.71,,
1997-10-01,448.5,846.6,1897.2,,-0.7483444616691323,-1.1039206421205627,26.721577060931896,55.0,1.2097267025089629,442.89999999999986,764.8000000000001,1885.7,,-0.9677337133368632,-2.0975772664810535,26.864301075268816,11.0,0.5815636840757819,558.0999999999999,970.7,2155.8,,-0.8266484487070983,-1.7260752419227543,26.444731182795696,14.0,-1.270185483870968,555.7,876.1,1985.8,,0.0217095117613682,-0.9269618240175034,27.19426523297491,35.0,-0.461680555555553,2.33,0.28,-0.5,-0.4,-0.27,-0.39,1.0,-0.0,228.775,0.3918669780772862,501.30000000000007,0.0,0.0,,0.0,0.0,0.0,0.0,0.0,0.0,0.0,0.0,0.0,0.0,0.0,0.0,,611.0,19.85,,,10.090090090090097,570.0,19.003333333333334,7.588075880758827,,,555.0,18.45,,
1997-11-01,487.9,880.8,1892.9,,-0.4928138254860637,-0.9703345913653671,26.355985663082436,34.0,-1.835197132616489,538.1999999999998,898.0,1938.6,,-0.3501978187072619,-1.4306013052602091,26.55695340501792,3.0,-1.4489067460317475,690.6999999999999,1008.5,2138.7,,-0.0762635029033311,-1.577007495195463,26.15652329749104,2.0,-0.9487168458781348,630.8,1045.3,1980.8,,0.4490002517424745,-0.2450196893361903,26.837419354838712,24.0,-1.9743561827957008,2.4,0.75,-0.36,-0.45,-0.32,-0.31,1.0,-0.0,221.65,0.2079206349835278,586.9000000000001,0.0,0.0,,0.0,0.0,0.0,0.0,0.0,0.0,0.0,0.0,0.0,0.0,0.0,0.0,,676.0,19.0,,,10.63829787234043,614.0,19.099999999999998,-4.282115869017645,,,611.0,19.85,,
1997-12-01,440.7999999999999,924.7,1778.3,,-0.797046034234692,-0.7987125250448518,26.10537634408602,16.0,-2.630718637992832,763.8999999999999,1119.4,2004.7,,1.1114841884892748,-0.322211921868382,26.287275985663083,1.0,-4.601998143881207,840.3,1170.4,2172.3,,0.7697351390766883,-0.9392427237669784,26.204265232974908,1.0,-2.5259480286738327,696.1,1122.2,1844.3,,0.8208594184668802,0.065296101401267,26.32057347670251,10.0,-4.67546370967742,2.39,1.22,-0.1,-0.49,-0.35,-0.3,1.0,-0.0,234.85,0.3207445837927986,685.2750000000001,0.0,0.0,,0.0,0.0,0.0,0.0,0.0,0.0,0.0,0.0,0.0,0.0,0.0,0.0,,622.0,17.0,,,-7.988165680473369,636.3333333333334,18.616666666666664,-10.526315789473683,,,676.0,19.0,,
1998-01-01,422.0,870.5,1761.8000000000002,,-0.9182543305444376,-1.0096236290809422,25.87849462365591,4.0,-2.4190250896057357,845.1999999999999,1288.1,2201.4,,1.6378820424286908,0.5222163062742665,26.25609318996416,2.0,-1.5886110471070172,750.8999999999999,1309.0,2290.4,,0.2637841509003268,-0.3933939767422333,26.42254480286738,1.0,-1.811405017921146,544.8,1100.5,1930.5,,-0.0390942126723247,-0.0220189115538583,26.48293906810035,7.0,-0.1804368279569921,2.24,1.6,0.28,-0.5,-0.4,-0.27,1.0,-0.0,184.225,0.4486134102270839,640.7250000000001,0.0,0.0,,0.0,0.0,0.0,0.0,0.0,0.0,0.0,0.0,0.0,0.0,0.0,0.0,,625.0,15.09,,,0.4823151125401992,641.0,17.029999999999998,-11.235294117647054,,,622.0,17.0,,
1998-02-01,297.5,785.4000000000001,1529.5,,-1.72408017496239,-1.341060879321984,26.132066052227344,8.0,0.6104958397337441,736.1999999999998,1274.4,2227.3,,0.9316053188410174,0.4536234932799222,26.58863287250384,6.0,0.6817566564260105,811.4999999999999,1502.2,2411.7,,0.6062074879196064,0.3676413295053463,26.61532258064516,1.0,-0.6752827060931885,342.8,973.6,1785.1,,-1.1883392911027788,-0.5334701626836643,27.391589861751154,24.0,3.3547407834101364,1.93,1.9,0.75,-0.36,-0.45,-0.32,1.0,-0.0,127.925,0.9243318461194008,547.0000000000001,0.0,0.0,,0.0,0.0,0.0,0.0,0.0,0.0,0.0,0.0,0.0,0.0,0.0,0.0,,634.0,14.06,,,1.4399999999999968,627.0,15.383333333333331,-6.825712392312788,,,625.0,15.09,,
1998-03-01,167.5,608.3000000000001,1416.1,,-2.5664875892520573,-2.0316703521833652,26.930990783410135,36.0,2.5981763312852024,654.5999999999999,1418.5,2216.8,,0.4024572152287848,1.174431766207656,27.06605222734255,16.0,-0.0674944956477219,844.5999999999999,1684.9,2552.0,,0.7931013492455492,1.0869510885269713,26.808870967741935,3.0,-0.4229977598566314,217.6,913.7,1728.4,,-1.9016992319741195,-0.7753982028619313,28.605568356374807,54.0,2.807978110599077,1.44,2.14,1.22,-0.1,-0.49,-0.35,1.0,-0.0,158.925,0.8702366460983506,471.07500000000016,0.0,0.0,,0.0,0.0,0.0,0.0,0.0,0.0,0.0,0.0,0.0,0.0,0.0,0.0,,652.0,13.08,,,2.8391167192429068,637.0,14.076666666666663,-6.970128022759603,,,634.0,14.06,,
1998-04-01,74.1,496.1,1342.7,,-3.1729837903999325,-2.469959426876609,28.182997951868924,62.0,1.7763071556579604,571.4999999999999,1416.7,2181.5,,-0.1363572191763313,1.1648342878889062,27.514726062467997,33.0,0.7580207373271861,943.2,1694.1,2664.7999999999997,,1.3505349660592203,1.1228037615596207,26.938512544802865,5.0,-0.8453579749103959,192.7,737.5,1613.6,,-2.0450496323289986,-1.4861649021429129,29.733561187916024,81.0,4.047869687660011,0.99,2.33,1.6,0.28,-0.5,-0.4,1.0,0.0,158.525,0.8873372853387098,445.3750000000001,0.0,0.0,,0.0,0.0,0.0,0.0,0.0,0.0,0.0,0.0,0.0,0.0,0.0,0.0,,662.0,13.39,,,1.5337423312883347,649.3333333333334,13.509999999999998,2.3700305810397504,,,652.0,13.08,,
1998-05-01,239.5,537.0,1417.8,,-2.104270155839728,-2.3116247639850833,28.852007168458783,85.0,-0.0720799411162289,617.5999999999999,1353.8,2251.8,,0.1617036759967838,0.849301152707123,27.728243727598567,44.0,-0.6382211981566819,904.2,1715.6999999999998,2724.2,,1.1296609263008448,1.207451094599746,27.130716845878137,15.0,-1.1453848566308231,286.7,629.5,1674.8,,-1.511252203638878,-1.922164041840134,29.9226164874552,88.0,0.7286707629288287,0.45,2.4,1.9,0.75,-0.36,-0.45,0.0,0.0,194.55,0.2438936881664051,512.0000000000001,0.0,0.0,,0.0,0.0,0.0,0.0,0.0,0.0,0.0,0.0,0.0,0.0,0.0,0.0,,671.0,14.39,,,1.3595166163141936,661.6666666666666,13.619999999999997,7.468259895444351,,,662.0,13.39,,
1998-06-01,407.2999999999999,574.8,1499.5,0.0,-1.0180005694108902,-2.1647490388068342,28.41924731182796,74.0,-1.159460765488987,538.1999999999999,1192.8,2312.2,0.0,-0.3523800881854446,0.0429281532935766,27.751612903225805,46.0,-0.4407579365079357,817.1999999999999,1661.8,2832.2,0.0,0.637582365433282,0.994919459427888,27.158315412186383,19.0,-1.1012119175627255,442.5,660.1,1782.3,0.0,-0.6251526475299787,-1.7997908007253447,29.416594982078852,80.0,-1.301901817716331,-0.13,2.39,2.14,1.22,-0.1,-0.49,0.0,0.0,198.225,0.188107276837667,551.3000000000002,0.0,0.0,,0.0,0.0,0.0,0.0,0.0,0.0,0.0,0.0,0.0,0.0,0.0,0.0,,629.0,12.058,,,-6.259314456035769,654.0,13.279333333333332,-16.205698401667835,,,671.0,14.39,,
1998-07-01,557.4,631.5,1502.0,0.0,-0.0450206514899805,-1.944019594814428,27.334982078853045,51.0,-1.1749768945212509,512.3999999999999,1083.9,2372.0,0.0,-0.5188171843216459,-0.5022007002046392,27.427670250896057,33.0,-0.7444299795186922,687.3,1630.5,2939.5,0.0,-0.0967654427488488,0.8717158308281586,26.962007168458783,18.0,-1.227830197132615,558.5,751.2,1851.7,0.0,0.0355724584083076,-1.433269088227714,28.44989247311828,69.0,-0.4638803123399881,-0.78,2.24,2.33,1.6,0.28,-0.5,-1.0,0.0,186.125,0.149018469124942,578.9000000000001,0.0,0.0,,0.0,0.0,0.0,0.0,0.0,0.0,0.0,0.0,0.0,0.0,0.0,0.0,,612.0,12.01,,,-2.7027027027026973,637.3333333333334,12.819333333333331,-0.3980759661635469,,,629.0,12.058,,
1998-08-01,505.2000000000001,744.7,1530.1,26.974193548387092,-0.3813705473085488,-1.5029243061177282,26.61562724014337,36.0,0.4633564388120845,627.7999999999998,1245.4,2519.8,0.0,0.2293183445021681,0.3064637726106623,26.864229390681004,17.0,-1.534214925755247,815.5999999999999,1719.8,3222.0,0.0,0.6296587958436709,1.2237826630810815,26.44695340501792,7.0,-2.0445506272401435,631.4,918.1,1891.7,0.0,0.4510874572865202,-0.7607514469656104,27.661720430107525,53.0,-1.5528050435227885,-1.12,1.93,2.4,1.9,0.75,-0.36,-1.0,51.25096774193547,260.65,0.3962258965973497,645.0,0.0,0.0,,0.0,0.0,0.0,0.0,0.0,0.0,0.0,0.0,0.0,0.0,0.0,0.0,,592.0,11.8805,,,-3.26797385620915,611.0,11.982833333333332,-1.078268109908409,,,612.0,12.01,,
1998-09-01,426.7000000000001,834.0,1442.3,69.18387096774192,-0.8891482928792348,-1.1545045086132115,26.60118279569892,38.0,1.0285777649769583,644.9999999999999,1183.2,2601.7,19.31612903225806,0.3410437981661009,-0.0045417552184861,26.66089605734767,9.0,1.0176184075780856,936.8,1754.0,3438.9,0.0,1.3154127642915885,1.358658858144116,26.25806451612903,6.0,-0.0608929211469533,591.4,1033.9,1947.6,0.0,0.2240129716128717,-0.2938809278078867,27.533942652329753,52.0,-0.1723749359959043,-1.31,1.44,2.39,2.14,1.22,-0.1,-1.0,148.05348387096774,203.2,0.5116291255077398,649.9750000000001,0.0,0.0,,0.0,0.0,0.0,0.0,0.0,0.0,0.0,0.0,0.0,0.0,0.0,0.0,,615.0,13.36,,,3.8851351351351315,606.3333333333334,12.41683333333333,12.453179579983997,,,592.0,11.8805,,
1998-10-01,470.7000000000001,1028.1,1524.1999999999998,,-0.604782871147675,-0.3972180998972396,26.747419354838712,47.0,-1.5902125576036852,669.8,1182.2,2598.9,,0.5014243813171971,-0.009223177146395,26.75767025089606,10.0,1.4876237839221709,1058.8,1746.1,3440.2,,2.0054178651810757,1.3277784499748746,26.241935483870964,11.0,-0.2670918458781344,564.6999999999999,1123.2,1860.7,,0.0721783066786835,0.066630310754059,27.610286738351252,54.0,-0.8612297747055813,-1.35,0.99,2.24,2.33,1.6,0.28,-1.0,0.0,227.15,0.3274793696560067,691.0000000000001,0.0,0.0,,0.0,0.0,0.0,0.0,0.0,0.0,0.0,0.0,0.0,0.0,0.0,0.0,,614.0,12.56,,,-0.1626016260162566,607.0,12.600166666666665,-5.9880239520958,,,615.0,13.36,,
1998-11-01,550.6,1055.8,1592.8,,-0.0876553886912131,-0.2883375839053559,26.598637992831534,36.0,-2.9707259984639016,431.39999999999986,1059.2,2413.0,,-1.0426515814779491,-0.6244506207375224,27.120609318996415,19.0,1.8926632104454697,877.9,1693.5000000000002,3409.2000000000003,,0.9821860662566364,1.1210806822838368,26.33089605734767,13.0,-0.59075582437276,612.1999999999999,1243.6,1873.1,,0.34242603481839,0.552442482012464,27.390752688172043,42.0,-2.565745903737838,-1.48,0.45,1.93,2.4,1.9,0.75,-1.0,0.0,187.675,0.3938972331282076,618.0250000000001,0.0,0.0,,0.0,0.0,0.0,0.0,0.0,0.0,0.0,0.0,0.0,0.0,0.0,0.0,,614.0,10.92,,,0.0,614.3333333333334,12.279999999999996,-13.05732484076434,,,614.0,12.56,,
1998-12-01,639.9000000000001,1066.6,1641.4,,0.4906650446456131,-0.2458504349933812,26.236164874551974,19.0,-3.368451804915516,479.39999999999986,1124.4,2317.2,,-0.7314356596027527,-0.2975352761261622,26.865089605734767,15.0,-2.688213133640552,765.1999999999999,1702.0,3363.7999999999997,,0.3451108656338461,1.1549807373638086,26.134121863799283,9.0,-0.3976482974910418,674.0,1265.4,1925.5,,0.6946446799257925,0.6410978629766602,26.71810035842294,21.0,-4.723321172555043,-1.57,-0.13,1.44,2.39,2.14,1.22,-1.0,0.0,224.8,0.0968736886467783,639.6250000000001,0.0,0.0,,0.0,0.0,0.0,0.0,0.0,0.0,0.0,0.0,0.0,0.0,0.0,0.0,,591.0,9.8,,,-3.7459283387622166,606.3333333333334,11.093333333333332,-10.256410256410254,,,614.0,10.92,,
1999-01-01,680.4000000000001,1151.1,1782.6,,0.7533174127670585,0.0836128592325543,25.865197132616487,5.0,-4.425279761904761,516.3999999999999,1186.2,2270.1,,-0.4911979914958015,0.0121252613435462,26.479068100358425,9.0,-1.7487238863287242,680.9,1739.7,3370.2,,-0.1313777820195988,1.3036743023115596,25.95777777777778,3.0,-1.0255515232974908,741.6,1306.3000000000002,2057.5,,1.0798743686274586,0.8064409747996837,26.01379928315412,0.0,-3.444477086533537,-1.55,-0.78,0.99,2.24,2.33,1.6,-1.0,0.0,242.35,0.0675981401491953,654.8250000000002,0.0,0.0,,0.0,0.0,0.0,0.0,0.0,0.0,0.0,0.0,0.0,0.0,0.0,0.0,,541.63,11.06,,,-8.353637901861255,582.21,10.593333333333332,12.857142857142856,,,591.0,9.8,,
1999-02-01,663.6000000000001,1214.2,1958.9,,0.6451340349413011,0.3299157663137175,25.58694316436252,2.0,-3.0648054915514606,605.3999999999999,1036.8,2282.2,,0.0856226929353009,-0.735521128774849,26.132718894009216,2.0,0.4244731182795718,662.5999999999999,1540.5,3260.3,,-0.2348718807233563,0.5190186568186151,25.955952380952382,2.0,1.9456111111111145,606.6999999999999,1218.9,2137.0,,0.3136462402611604,0.4550755452676756,25.83602150537634,0.0,0.7086219918074761,-1.3,-1.12,0.45,1.93,2.4,1.9,-1.0,0.0,167.425,0.2371250482504089,634.5750000000002,0.0,0.0,,0.0,0.0,0.0,0.0,0.0,0.0,0.0,0.0,0.0,0.0,0.0,0.0,,482.36,10.2,,,-10.942894595941876,538.33,10.353333333333332,-7.775768535262218,,,541.63,11.06,,
1999-03-01,701.4000000000001,1341.3,2175.3,,0.8897557200782856,0.8255654989897058,25.531029185867897,2.0,-1.7729736943164394,605.1999999999998,1084.6,2267.8,,0.0840164637363337,-0.49620626097019,26.305837173579107,3.0,0.4796075268817183,657.8,1423.0,3177.0,,-0.2622452675501526,0.0562944606502105,26.101113671274963,7.0,0.7467401433691752,587.2,1261.1999999999998,2295.1000000000004,,0.2021063214301252,0.6255786215962523,26.304838709677416,13.0,1.2508070916538685,-1.07,-1.31,-0.13,1.44,2.39,2.14,-1.0,0.0,228.125,0.0431187038112363,637.9000000000002,0.0,0.0,,0.0,0.0,0.0,0.0,0.0,0.0,0.0,0.0,0.0,0.0,0.0,0.0,,444.36,12.47,,,-7.877933493656187,489.45,11.24333333333333,22.254901960784323,,,482.36,10.2,,
1999-04-01,715.4000000000001,1395.8,2423.9,,0.9799290972445964,1.0380688845952482,25.7500256016385,10.0,1.274210893497184,486.99999999999994,1003.4,2185.6,,-0.682136200103663,-0.9027157490693138,26.81236047107015,18.0,2.518818100358427,548.0,1228.9,2975.0,,-0.8836242650400605,-0.708264202267858,26.354339477726572,15.0,2.6719023297491,522.7,1264.3,2387.5,,-0.165291711382735,0.6382110309168119,26.87505376344086,25.0,1.5112748335893509,-0.98,-1.35,-0.78,0.99,2.24,2.33,-1.0,0.0,172.72500000000002,0.4130024201706418,568.2750000000002,0.0,0.0,,0.0,0.0,0.0,0.0,0.0,0.0,0.0,0.0,0.0,0.0,0.0,0.0,,442.68,15.3,,,-0.3780718336483968,456.4666666666667,12.656666666666665,22.694466720128315,,,444.36,12.47,,
1999-05-01,790.4000000000001,1454.0,2509.8,,1.464680857455097,1.2648722209093166,25.98243727598566,11.0,0.8076463773681475,516.8,1122.2,2181.4,,-0.4894721624633532,-0.3079374236607629,26.958136200716847,18.0,-0.4045528673835115,644.6999999999999,1307.3,3000.8,,-0.3367944993977726,-0.3995237760080484,26.39516129032258,14.0,-0.5931353046594978,616.1,1222.8,2466.4,,0.364701450561831,0.4708560297729555,27.32182795698925,40.0,1.4741888120839697,-1.02,-1.48,-1.12,0.45,1.93,2.4,-1.0,0.0,241.15,0.1759563216063534,642.0000000000001,0.0,0.0,,0.0,0.0,0.0,0.0,0.0,0.0,0.0,0.0,0.0,0.0,0.0,0.0,,421.5,15.14,,,-4.7844944429384695,436.18,14.303333333333333,-1.0457516339869244,,,442.68,15.3,,
1999-06-01,710.9000000000001,1412.3000000000002,2478.9,21.438709677419325,0.950202905877108,1.1023405150701755,26.09749103942653,15.0,1.785226126472093,438.9999999999999,1044.2,2168.6,0.0,-0.9932574485755452,-0.6985831512890807,27.01498207885305,18.0,0.8618602150537633,539.0999999999999,1196.9,2898.9,49.88387096774193,-0.9341756375195176,-0.8346048956308966,26.49232974910394,11.0,1.4174354838709675,493.5,1080.7,2346.1000000000004,34.13870967741936,-0.3322243444617111,-0.1018821322202167,27.51232974910394,44.0,1.2123044034818236,-1.04,-1.57,-1.31,-0.13,1.44,2.39,-1.0,-2.7870322580645124,131.75,0.1668638526647898,545.6250000000001,0.0,0.0,,0.0,0.0,0.0,0.0,0.0,0.0,0.0,0.0,0.0,0.0,0.0,0.0,,405.88,15.77,,,-3.7058125741399772,423.3533333333333,15.40333333333333,4.161162483487435,,,421.5,15.14,,
1999-07-01,567.2,1282.6,2433.7,37.28064516129034,0.0207241493272133,0.5968353554892225,26.045161290322586,12.0,1.484892793138762,458.79999999999984,945.8,2132.0,0.0,-0.8643687273535086,-1.191160547255086,26.62888888888889,4.0,1.0313978494623657,534.1999999999999,1082.2,2821.9,21.68709677419355,-0.9616333827971988,-1.2864569514747772,26.3305017921147,6.0,1.4928225806451607,407.2,929.9,2236.2,33.761290322580635,-0.8223961577380285,-0.7094069400294823,27.394802867383515,46.0,0.5752291346646174,-1.1,-1.55,-1.35,-0.78,0.99,2.24,-1.0,-29.078903225806464,118.95,0.1484866227944204,491.8500000000001,0.0,0.0,,0.0,0.0,0.0,0.0,0.0,0.0,0.0,0.0,0.0,0.0,0.0,0.0,,391.4,19.01,,,-3.5675569133734153,406.26,16.639999999999997,20.545339251743822,,,405.88,15.77,,
1999-08-01,474.1000000000001,1264.5,2478.7,0.0,-0.5814484245078695,0.5261139844752379,26.002150537634407,16.0,1.8634680619559632,442.9999999999999,959.8,1996.6,0.0,-0.966206200070876,-1.120955550797125,26.37727598566308,2.0,-0.5048924731182822,486.0999999999999,1130.8,2671.2999999999997,0.0,-1.2335922187435877,-1.0950359259868618,26.283189964157703,10.0,0.9628494623655895,355.2,971.3,2190.2000000000003,15.083870967741944,-1.1176145205377617,-0.5430863594034564,27.239964157706098,39.0,1.0503904249871994,-1.11,-1.3,-1.48,-1.12,0.45,1.93,-1.0,-0.0,188.9,0.1398186332123564,439.60000000000014,0.0,0.0,,0.0,0.0,0.0,0.0,0.0,0.0,0.0,0.0,0.0,0.0,0.0,0.0,,412.37,20.22,,,5.357690342360755,403.21666666666664,18.333333333333332,6.365071015255119,,,391.4,19.01,,
1999-09-01,442.50000000000006,1153.4,2494.7000000000003,53.183870967741925,-0.7858360051212114,0.093148529357443,25.986594982078856,14.0,3.2822763056835633,504.4999999999999,943.5,2028.1,0.0,-0.5676844749870968,-1.2023197192584316,26.173942652329742,1.0,0.994404121863802,610.4,1149.5,2572.5,0.0,-0.530363972481534,-1.0213236494374125,26.129856630824374,8.0,1.3216980286738362,415.9,909.4,2170.6,7.687096774193549,-0.7723977776829126,-0.7922462095287661,27.043297491039425,37.0,2.1187811059907844,-1.16,-1.07,-1.57,-1.31,-0.13,1.44,-1.0,-69.67087096774192,185.475,0.2903226086120333,493.3250000000001,0.0,0.0,,0.0,0.0,0.0,0.0,0.0,0.0,0.0,0.0,0.0,0.0,0.0,0.0,,413.93,22.4,,,0.3783010403278553,405.90000000000003,20.54333333333333,10.781404549950535,,,412.37,20.22,,
1999-10-01,509.00000000000006,1076.2,2472.0,,-0.3555045742697498,-0.207482867425581,25.900573476702508,12.0,0.5028408218125939,671.3,1130.1,2133.5,,0.5123498486027177,-0.2678746243572901,26.084695340501792,1.0,-0.5174292114695369,847.0999999999999,1381.3,2610.2000000000003,,0.8085860824863835,-0.107996062856455,25.95243727598566,6.0,-2.834334229390679,559.4,966.6,2230.9,,0.043397496225994,-0.5615660716471099,26.77878136200717,26.0,-1.8884823348694315,-1.26,-0.98,-1.55,-1.35,-0.78,0.99,-1.0,-0.0,272.325,0.2876058250572533,646.7,0.0,0.0,,0.0,0.0,0.0,0.0,0.0,0.0,0.0,0.0,0.0,0.0,0.0,0.0,,399.53,21.95,,,-3.4788490807624584,408.60999999999996,21.52333333333333,-2.00892857142857,,,413.93,22.4,,
1999-11-01,460.9000000000001,935.0,2389.0,,-0.6668122314436972,-0.7576627915545155,25.98831541218638,9.0,-0.1261475294418872,673.9999999999999,1117.0,2239.2000000000003,,0.5296127864218444,-0.3332470726933259,26.205770609319,3.0,-0.1343772401433689,857.7,1343.8,2651.1,,0.8686903462361056,-0.2555322883461979,25.852974910394263,2.0,-0.2191048387096756,600.1,955.3,2178.1,,0.2748984110001707,-0.6067051708614238,26.6268458781362,23.0,-1.4098828725038397,-1.46,-1.02,-1.3,-1.48,-1.12,0.45,-1.0,-0.0,190.375,0.186014248170095,648.1750000000002,0.0,0.0,,0.0,0.0,0.0,0.0,0.0,0.0,0.0,0.0,0.0,0.0,0.0,0.0,,387.31,24.59,,,-3.0585938477711294,400.25666666666666,22.98,12.02733485193621,,,399.53,21.95,,
1999-12-01,802.1000000000001,1244.6,2656.9,,1.5405718749546131,0.448721801322349,25.867311827956986,5.0,-2.7886797875064016,645.8999999999999,1150.4,2194.6,,0.3477430775207601,-0.1657844581859904,26.176989247311827,4.0,-0.8333772401433706,898.0999999999999,1508.5,2705.4,,1.0974159210003112,0.3934834381462107,25.69838709677419,1.0,-1.9810940860215052,786.1,1202.0,2282.7,,1.3326799416954254,0.3872153364678674,26.041612903225808,8.0,-3.48262480798771,-1.65,-1.04,-1.07,-1.57,-1.31,-0.13,-1.0,-0.0,320.35,0.3849913453086925,783.0500000000002,0.0,0.0,,0.0,0.0,0.0,0.0,0.0,0.0,0.0,0.0,0.0,0.0,0.0,0.0,,374.67,25.59,,,-3.2635356691022688,387.17,24.043333333333333,4.066693777958519,,,387.31,24.59,,
2000-01-01,942.4,1451.4,2734.0,,2.4487619648916983,1.25489980469187,25.52,2.0,-4.067389464925753,614.3,1285.6,2231.4,,0.1435486987377238,0.5112018428490391,25.959784946236557,3.0,-1.945823476702509,903.9,1751.0,2833.2,,1.1302681576503142,1.3488110958169963,25.666129032258063,0.0,-1.6943467741935496,709.0,1268.4,2198.3,,0.8950502281939162,0.6551176658866386,25.75021505376344,5.0,-1.588108678955452,-1.66,-1.1,-0.98,-1.55,-1.35,-0.78,-1.0,-0.0,281.675,0.338039117580806,792.4000000000001,0.1,0.0,0.35,0.0,0.0,1.0,0.0,1.0,0.0,0.0,1.0,0.0,0.0,0.0,0.0,,369.79,25.38,,,-1.302479515306798,377.25666666666666,25.186666666666664,-0.8206330597889888,,,374.67,25.59,,
2000-02-01,1035.9,1496.8000000000002,2761.3,,3.0539770384227833,1.4319172753969398,25.306896551724137,2.0,-1.720602459522924,582.6999999999999,1256.7,2216.5,,-0.060985505791875,0.3664492737384394,25.934037819799773,1.0,0.7643016623408734,816.5999999999999,1674.3,2805.1,,0.6364050003367914,1.0467399662423045,25.750611790878754,1.0,0.5236797367445298,703.9,1304.0,2275.2999999999997,,0.8662300818147637,0.7987019994862326,25.64987022617723,1.0,0.3571519280682267,-1.41,-1.11,-1.02,-1.3,-1.48,-1.12,-1.0,-0.0,182.75,0.2311802748426497,784.7750000000001,0.1,0.0,0.35,0.0,0.0,1.0,0.0,1.0,0.0,0.0,1.0,0.0,0.0,0.1,0.0,0.35,357.94,27.7048,,,-3.2045214851672665,367.4666666666667,26.22493333333333,9.15996847911742,,,369.79,25.38,,
2000-03-01,779.5000000000001,1581.6,2735.0,,1.395272497106152,1.762381440072169,25.359584723767153,4.0,0.7010938697318032,646.9999999999999,1292.9,2236.4,,0.3549252513269053,0.5473528560227728,26.140489432703003,6.0,1.3785786367568882,750.8999999999999,1648.9999999999998,2798.5,,0.2643618473630342,0.946933130278718,26.052762328513165,6.0,2.3960647942157927,560.5,1346.6,2256.0,,0.0506621140085053,0.9702923940342628,26.135891731553578,9.0,2.4894646829810902,-1.07,-1.16,-1.04,-1.07,-1.57,-1.31,-1.0,-0.0,220.05,0.0597627453671193,684.4750000000001,0.1,0.0,0.35,0.0,0.0,1.0,0.0,1.0,0.0,0.0,1.0,0.0,0.0,0.1,0.0,0.35,363.49,27.47,,,1.5505391965133786,363.74,26.851599999999994,-0.8475065692587602,,,357.94,27.7048,,
2000-04-01,636.7,1579.1,2655.2999999999997,,0.4709073056196264,1.7526393396509932,25.708581139537756,4.0,-0.1325244098380871,563.1999999999999,1177.5,2307.6,,-0.1884559488591506,-0.0304906517451429,26.61747868001483,12.0,0.6993725435669234,606.3999999999999,1510.3,2891.6,,-0.5532669866444094,0.4004121096263137,26.308712149301694,9.0,1.3725298479792336,681.5999999999999,1390.6,2357.2,,0.7378296595138281,1.1470714915277316,26.72377703621308,23.0,1.9710309912248185,-0.81,-1.26,-1.1,-0.98,-1.55,-1.35,-1.0,-0.0,219.175,0.2285932297051335,621.9750000000001,0.1,0.0,0.35,0.0,0.0,1.0,0.0,1.0,0.0,0.0,1.0,0.0,0.0,0.1,0.0,0.35,366.24,22.54,,,0.7565545131915652,362.5566666666667,25.904933333333332,-17.94685111030214,,,363.49,27.47,,
2000-05-01,516.8000000000001,1552.7,2487.7,,-0.3057051050241221,1.6494084532809803,26.265125448028673,18.0,3.770577740699544,518.3999999999999,1101.1,2218.1,,-0.4792236505412797,-0.4133375490236766,27.018924731182796,27.0,1.7632435113088611,640.3,1456.9,2800.7,,-0.3619837450910102,0.1896944545038545,26.588207885304666,16.0,1.610470708194292,616.1999999999999,1320.1,2275.3999999999996,,0.3652429094117549,0.8627043944916359,27.336272401433693,43.0,2.549617012730195,-0.71,-1.46,-1.11,-1.02,-1.3,-1.48,-1.0,-0.0,133.7,0.222994959148766,572.9250000000001,0.1,0.0,0.35,0.0,0.0,1.0,0.0,1.0,0.0,0.0,1.0,0.0,0.0,0.1,0.0,0.35,337.97,27.34,,,-7.718982088248138,355.90000000000003,25.78333333333333,21.295474711623786,,,366.24,22.54,,
2000-06-01,484.80000000000007,1264.3000000000002,2508.8999999999996,0.2387096774193366,-0.5127109631970804,0.5257099087553905,26.26677419354839,17.0,0.0107166295884333,404.2999999999999,1051.3,2201.7,13.319354838709671,-1.2177862525628598,-0.6627334349935292,26.947921146953405,21.0,-1.2559007539241112,632.3,1383.1999999999998,2891.7,0.0,-0.4070923745811713,-0.1008114279177533,26.501756272401433,11.0,-1.172973736250153,551.8,1112.3,2314.3,0.0,-0.0009265587225253,0.0255308255691432,27.489928315412183,45.0,-0.0983130947966905,-0.64,-1.65,-1.16,-1.04,-1.07,-1.57,-1.0,-0.2482580645161101,165.425,0.2612394462795565,518.3000000000001,0.1,0.0,0.35,0.0,0.0,1.0,0.0,1.0,0.0,0.0,1.0,0.0,0.0,0.1,0.0,0.35,330.17,29.6773,,,-2.3078971506346746,344.79333333333335,26.519099999999998,8.549012435991221,,,337.97,27.34,,
2000-07-01,431.4000000000001,1068.1,2519.5,26.68064516129033,-0.8585021374699223,-0.2392924516935721,26.46508960573477,25.0,2.7278510381905825,334.09999999999985,897.3,2182.8999999999996,15.361290322580658,-1.6722176807169338,-1.4339993316809097,26.92146953405018,16.0,0.7226261277963175,504.0999999999999,1110.5,2861.4999999999995,51.88709677419354,-1.1324028917469111,-1.1753195004665256,26.670537634408603,12.0,1.580929489556297,335.79999999999995,1017.4,2285.7999999999997,62.26129032258065,-1.228487571155256,-0.3572979768119476,27.637526881720433,52.0,1.8766385181065353,-0.55,-1.66,-1.26,-1.1,-0.98,-1.55,-1.0,-29.348709677419365,102.225,0.2733651459166494,401.35000000000014,0.1,0.0,0.35,0.0,0.0,1.0,0.0,1.0,0.0,0.0,1.0,0.0,0.0,0.1,0.0,0.35,339.3,28.53,,,2.7652421479843703,335.81333333333333,28.515766666666664,-3.8659177216256113,,,330.17,29.6773,,
2000-08-01,420.50000000000006,937.3,2434.1,67.3741935483871,-0.928458755693258,-0.7491724340523738,26.15863799283154,15.0,2.038603726362627,356.4999999999999,874.9,2131.6,30.222580645161287,-1.5264890469524652,-1.546108242307049,26.531146953405017,4.0,0.5102336546780393,532.8999999999999,1173.1999999999998,2847.5,0.0,-0.9691237573427474,-0.9284010879580924,26.41784946236559,8.0,0.9511714250401688,356.69999999999993,972.9,2276.9,23.98387096774195,-1.1092929357233672,-0.5368075485015509,27.36548387096774,44.0,1.0657245396119173,-0.51,-1.41,-1.46,-1.11,-1.02,-1.3,-1.0,-74.78535483870968,149.0,0.2797834094636992,416.6500000000001,0.1,0.0,0.35,0.0,0.0,1.0,0.0,1.0,0.0,0.0,1.0,0.0,0.0,0.1,0.0,0.35,328.92,29.43,,33.099998474121094,-3.0592396109637487,332.7966666666667,29.212433333333326,3.154574132492116,,,339.3,28.53,,
2000-09-01,394.7000000000001,879.5,2461.1,26.18387096774194,-1.095718921478863,-0.9745890831221712,26.361971326164873,29.0,3.0053089234952424,429.39999999999986,833.7,2126.6,0.0,-1.0544335764312085,-1.7521066992439076,26.47781362007169,9.0,0.428815195896675,624.1999999999999,1256.5,2905.5,0.0,-0.452672671435298,-0.6001566407798847,26.355627240143367,9.0,-0.130399363490298,380.69999999999993,932.5,2279.1,5.48709677419356,-0.9730201485022864,-0.6996723431590528,27.425483870967746,50.0,2.484775614880732,-0.55,-1.07,-1.65,-1.16,-1.04,-1.07,-1.0,-30.373290322580647,206.025,0.348812983082834,457.2500000000001,0.1,0.0,0.35,0.0,0.0,1.0,0.0,1.0,0.0,0.0,1.0,0.0,0.0,0.1,0.0,0.35,312.49,32.621,,30.860000610351562,-4.99513559528153,326.90333333333336,30.19366666666666,10.84267753992525,,,328.92,29.43,,33.099998474121094
2000-10-01,500.7000000000001,932.1,2511.2000000000003,,-0.4097998664998064,-0.7697334932049433,26.23831541218638,24.0,0.0400347299468535,501.9999999999999,836.0999999999999,2013.6,,-0.5844964379470973,-1.7401214574842754,26.52189964157706,12.0,1.3131539055740935,827.0,1331.1,2841.3999999999996,,0.6947302369492915,-0.3062101020638843,26.067455197132617,8.0,-0.1928832344580406,442.2999999999999,778.0999999999999,2168.7,,-0.6230006242986726,-1.3213455822687357,27.422258064516132,48.0,-0.1740738474848591,-0.63,-0.81,-1.66,-1.26,-1.1,-0.98,-1.0,-0.0,212.975,0.3725909728612535,568.0000000000001,0.1,0.0,0.35,0.0,0.0,1.0,0.0,1.0,0.0,0.0,1.0,0.0,0.0,0.1,0.0,0.35,314.02,30.9323,,30.860000610351562,0.48961566770135967,318.4766666666667,30.994433333333333,-5.176726648477981,,,312.49,32.621,,30.860000610351562
2000-11-01,626.2,1046.6999999999998,2599.4,,0.4021416170398625,-0.3228434970704545,26.181326164874548,19.0,-1.2001444815226812,578.0999999999999,934.6,2035.7,,-0.0918803045967554,-1.2467086310466076,26.55541218637993,9.0,-2.161604158942035,924.3,1457.2,2914.1,,1.2451114174293694,0.1907853040210984,26.007275985663085,6.0,-2.3196009763935237,592.0999999999999,948.8,2268.8999999999996,,0.2285002823042247,-0.6336795859591239,27.215483870967745,36.0,-2.1464188295637108,-0.75,-0.71,-1.41,-1.46,-1.11,-1.02,-1.0,-0.0,261.175,0.1769518233265624,680.1750000000002,0.1,0.0,0.35,0.0,0.0,1.0,0.0,1.0,0.0,0.0,1.0,0.0,0.0,0.1,0.0,0.35,316.78,32.52409090909,,33.79999923706055,0.8789249092414408,314.43,32.025796969696664,5.146047688306399,,,314.02,30.9323,,30.860000610351562
2000-12-01,647.3000000000001,1042.0,2306.2999999999997,,0.5387571648159419,-0.3413004412265603,26.112903225806452,8.0,-1.2155154492646147,615.9999999999999,1045.4,2096.7,,0.1533790439076164,-0.6922553786125637,26.615232974910395,5.0,-0.9784912557162286,927.3,1551.5,2934.7,,1.262166594509132,0.562320831907666,25.950573476702505,5.0,-1.316165492522554,698.5,1079.1999999999998,2191.5,,0.833657409892035,-0.1084313294439677,26.846989247311825,22.0,-2.1379833456927475,-0.74,-0.64,-1.07,-1.65,-1.16,-1.04,-1.0,-0.0,248.125,0.2413769076701415,722.2750000000001,0.1,0.0,0.35,0.0,0.0,1.0,0.0,1.0,0.0,0.0,1.0,0.0,0.0,0.1,0.0,0.35,320.57,25.1255,,26.799999237060547,1.1964139150199005,317.1233333333333,29.527296969696664,-22.748032926639628,,,316.78,32.52409090909,,33.79999923706055
2001-01-01,625.1000000000001,1125.8,2193.9,,0.3955612365791796,-0.0144237792496892,25.88064516129032,5.0,-3.292639105178594,724.8,1226.8000000000002,2124.1000000000004,,0.8584782656984533,0.2159967784635735,26.21415770609319,1.0,-2.8462869546409575,1029.0,1856.0,2966.5,,1.8374185371486929,1.7619833735580088,25.898960573476703,2.0,-1.8479128043505144,845.0,1287.3,2304.7,,1.6671876434907946,0.7300261354734944,26.14806451612903,3.0,-3.584408076875538,-0.68,-0.55,-0.81,-1.66,-1.26,-1.1,-1.0,-0.0,296.675,0.2754618204531482,805.9750000000001,0.1,0.0,0.35,0.0,0.0,1.0,0.0,1.0,0.0,0.0,1.0,0.0,0.0,0.1,0.0,0.35,304.81,25.63636363636,,28.700000762939453,-4.916242942259097,314.0533333333333,27.761984848483326,2.0332476422757706,,,320.57,25.1255,,26.799999237060547
2001-02-01,571.4000000000001,1197.6,2134.9,,0.0484783563125619,0.2655558660645203,25.715168970814133,6.0,-2.0553735919098823,667.9999999999999,1246.1,2121.0,,0.4908554774966276,0.3126112145689714,26.156221198156683,1.0,-0.0856785074244754,984.3,1908.6,3081.8,,1.584779199540724,1.969331778703273,25.793087557603684,0.0,-1.3905401945724538,624.5999999999999,1216.6999999999998,2189.6,,0.4148837562262792,0.4460868681283724,26.135445468509985,3.0,0.2492704813108019,-0.52,-0.51,-0.71,-1.41,-1.46,-1.11,-1.0,-0.0,167.275,0.4494386219180761,712.0750000000002,0.1,0.0,0.35,0.0,0.0,1.0,0.0,1.0,0.0,0.0,1.0,0.0,0.0,0.1,0.0,0.35,303.78,27.406,,27.420000076293945,-0.33791542272235686,309.71999999999997,26.05595454545333,6.9028368794477935,,,304.81,25.63636363636,,28.700000762939453
2001-03-01,685.4000000000001,1332.7,2212.2,,0.7862046934130144,0.7921631593091223,25.55925499231951,3.0,-0.6109073860727108,623.7999999999998,1239.8,2073.5,,0.2043387724238706,0.2807210668549657,26.35622119815668,9.0,1.3091486815156197,854.3,1781.6,3038.1,,0.8492991231096613,1.4690183002207575,25.956528417818745,4.0,1.776402969790066,600.5999999999999,1299.1,2231.6,,0.2781614862760176,0.77793831807758,26.358026113671272,12.0,0.0796660266257056,-0.44,-0.55,-0.64,-1.07,-1.65,-1.16,0.0,-0.0,227.075,0.2224283250963099,691.0250000000001,0.1,0.0,0.35,0.0,0.0,1.0,0.0,1.0,0.0,0.0,1.0,0.0,0.0,0.1,0.0,0.35,327.63,24.39545454545,,26.399999618530273,7.8510764368951325,312.0733333333333,25.812606060603326,-10.984986698350719,,,303.78,27.406,,27.420000076293945
2001-04-01,611.0,1236.1,2168.2,,0.3042816396166836,0.4156603052444851,25.919075780849976,12.0,1.0808426139272918,618.8999999999999,1343.7,2179.8,,0.1720177582868778,0.8007494498000158,26.689662058371734,11.0,-0.9841299923195076,724.0999999999999,1753.1,3084.2000000000003,,0.1126591831626309,1.3566271645695085,26.138643113159244,4.0,0.2536986687147973,509.4,1354.4,2132.5,,-0.2411820955693336,1.0005163227651157,27.075911418330772,28.0,0.9324348438300056,-0.34,-0.63,-0.55,-0.81,-1.66,-1.26,0.0,-0.0,221.5,0.3108222362665643,615.8500000000001,0.1,0.0,0.35,0.0,0.0,1.0,0.0,1.0,0.0,0.0,1.0,0.0,0.0,0.1,0.0,0.35,326.01,25.641,,26.399999618530273,-0.4944602142660903,319.14000000000004,25.81415151514999,5.105645612093368,,,327.63,24.39545454545,,26.399999618530273
2001-05-01,612.7,1184.1,2230.8,,0.3145245420604918,0.2127849860518222,26.340465949820786,17.0,1.606444764464925,638.8999999999999,1306.9,2241.5,,0.3009171594440786,0.6162266226280414,27.010860215053764,19.0,0.5696764592933938,628.5999999999999,1612.9,3070.1000000000004,,-0.4280933911583902,0.8041064103257363,26.549856630824376,10.0,0.7199298515104928,590.5,1215.1,2163.9,,0.2188933776520368,0.4392810867344969,27.536164874551968,45.0,0.9241714029697904,-0.25,-0.75,-0.51,-0.71,-1.41,-1.46,0.0,-0.0,169.10000000000002,0.062053059629133,617.6750000000002,0.1,0.0,0.35,0.0,0.0,1.0,0.0,1.0,0.0,0.0,1.0,0.0,0.0,0.1,0.0,0.35,295.17,28.45047619048,,28.3700008392334,-9.45983252047482,316.27000000000004,26.162310245309996,10.956968099840104,,,326.01,25.641,,26.399999618530273
2001-06-01,470.9,1156.3000000000002,2198.3,32.73870967741934,-0.6030068567914255,0.1044902119841361,26.480358422939062,17.0,1.0055504992319513,576.8,1200.6,2246.0,8.819354838709671,-0.1009366235962524,0.0841460829671478,26.908817204301073,12.0,-0.0622760496671794,594.5,1448.8,3000.3,28.68387096774194,-0.6209360351462403,0.157619394318198,26.54200716845878,7.0,1.0326296722990271,433.69999999999993,1034.3,2113.5,45.63870967741936,-0.6726079655229799,-0.289139293013702,27.88096774193548,55.0,0.2510029441884285,-0.12,-0.74,-0.55,-0.64,-1.07,-1.65,0.0,-20.952774193548375,128.375,0.2035689860113656,518.9750000000001,0.1,0.0,0.35,0.0,0.0,1.0,0.0,1.0,0.0,0.0,1.0,0.0,0.0,0.1,0.0,0.35,286.89,27.72428571429,,26.25,-2.805163126333987,302.69,27.27192063492333,-2.5524721320235533,,,295.17,28.45047619048,,28.3700008392334
2001-07-01,469.0,1080.0,2205.7999999999997,19.18064516129033,-0.6152557858421985,-0.1931445860115919,26.457096774193545,17.0,2.2075074884792656,426.1999999999999,1045.1,2271.9,0.0,-1.0760869728201026,-0.6945855970898098,26.9947311827957,17.0,1.6687293266769103,482.8999999999999,1207.0,3063.0,0.0,-1.2521428278246465,-0.7949535989740861,26.57064516129032,10.0,1.803989887352788,379.19999999999993,888.6,2175.9,0.0,-0.982296043301828,-0.8764469064726458,27.891039426523296,65.0,1.9473792882744476,-0.08,-0.68,-0.63,-0.55,-0.81,-1.66,0.0,-10.549354838709682,141.85,0.1390090566862747,439.3250000000001,0.1,0.0,0.35,0.0,0.0,1.0,0.0,1.0,0.0,0.0,1.0,0.0,0.0,0.1,0.0,0.35,421.36,24.53818181818,,26.25,46.87162327024297,334.4733333333333,26.90431457431666,-11.492104535871883,,,286.89,27.72428571429,,26.25
2001-08-01,421.7,1034.4,2232.0,41.17419354838708,-0.92118720739851,-0.3712347969310074,26.43236559139785,24.0,1.0696580261136717,401.89999999999986,1040.8,2286.9,15.222580645161289,-1.233138552716459,-0.716346010580544,26.84741935483871,11.0,0.2973852406554016,432.0999999999999,1060.7,2969.3,72.38709677419355,-1.5394117129042968,-1.3715904847292746,26.54913978494624,12.0,2.9383716077829014,318.29999999999995,908.8,2125.5,74.38387096774194,-1.3283136798240671,-0.7956453651920368,27.879211469534052,66.0,0.064933051715311,-0.13,-0.52,-0.75,-0.51,-0.71,-1.41,0.0,-20.99883870967741,123.275,0.1889176283666892,393.5000000000001,0.1,0.0,0.35,0.0,0.0,1.0,0.0,1.0,0.0,0.0,1.0,0.0,0.0,0.1,0.0,0.35,427.49,25.69782608696,,27.200000762939453,1.4548129865198378,378.58,25.986764539809997,4.725876910410842,,,421.36,24.53818181818,,26.25
2001-09-01,431.7000000000001,902.6,2235.3,22.883870967741927,-0.8567186355763784,-0.8850259283866176,26.55458781362007,40.0,2.7475576676907316,479.9999999999999,1056.8,2296.6,0.0,-0.7273791849646147,-0.6360314989305335,26.772974910394264,14.0,0.9894174987199164,663.1999999999999,1257.7,3039.3,0.0,-0.2321052645785924,-0.5954742016012872,26.35469534050179,12.0,-1.2762090373783916,382.19999999999993,815.9,2115.0,15.98709677419356,-0.9650216249113346,-1.1698425781631223,27.75032258064516,63.0,1.064924987199177,-0.19,-0.44,-0.74,-0.55,-0.64,-1.07,0.0,-12.58612903225806,224.15,0.4762356637451101,489.27500000000015,0.1,0.0,0.35,0.0,0.0,1.0,0.0,1.0,0.0,0.0,1.0,0.0,0.0,0.1,0.0,0.35,385.09,25.544,,23.43000030517578,-9.918360663407345,411.31333333333333,25.26000263504666,-0.5985957194957314,,,427.49,25.69782608696,,27.200000762939453
2001-10-01,499.4,968.4,2204.5,,-0.4185430199589923,-0.6284945835967478,26.42340501792115,34.0,-0.5486573860727084,551.7999999999998,978.0,2321.7000000000003,,-0.2624337756826024,-1.0303977950889307,26.71383512544803,13.0,0.589885240655402,787.6999999999999,1270.6,3023.7,,0.4720116839820259,-0.5446993276526391,26.355770609318995,14.0,-0.4752359190988215,442.7999999999999,821.9999999999999,2176.4,,-0.6204426956593262,-1.14512499051449,27.597634408602147,48.0,-0.5618277009728629,-0.29,-0.34,-0.68,-0.63,-0.55,-0.81,0.0,-0.0,222.99999999999997,0.2160485808365547,570.4250000000001,0.1,0.0,0.35,0.0,0.0,1.0,0.0,1.0,0.0,0.0,1.0,0.0,0.0,0.1,0.0,0.35,373.03,20.47826086957,,21.18000030517578,-3.13173543846893,395.2033333333333,23.906695652176662,-19.83142471981678,,,385.09,25.544,,23.43000030517578
2001-11-01,557.6,979.3,2163.4,,-0.0416330693874443,-0.5857449318990305,26.18777777777778,21.0,-2.349600934459806,657.9999999999999,1059.9,2366.8,,0.4253895340798008,-0.6201342620923271,26.560107526881723,11.0,-2.525174795186892,978.0,1410.1,3023.0,,1.54882777490469,0.0051439605437357,25.998602150537636,6.0,-2.1963282130056303,594.8,913.1,2128.2,,0.2442298251092479,-0.7776963661195919,26.970716845878133,29.0,-3.081775729646697,-0.35,-0.25,-0.52,-0.75,-0.51,-0.71,0.0,-0.0,249.95,0.1820317176377153,697.1000000000001,0.1,0.0,0.35,0.0,0.0,1.0,0.0,1.0,0.0,0.0,1.0,0.0,0.0,0.1,0.0,0.35,390.69,18.94227272727,,19.440000534057617,4.734203683349869,382.93666666666667,21.654844532279995,-7.500579038830512,,,373.03,20.47826086957,,21.18000030517578
2001-12-01,586.4,1018.1,2174.4,,0.1454735671344566,-0.43422372285595,25.736415770609323,4.0,-3.2992245903737825,706.2999999999998,1186.3000000000002,2386.9,,0.7382880775742731,0.0126528064056452,26.4484229390681,6.0,-1.4674059779825903,795.4,1458.6,2907.3999999999996,,0.5160180903599241,0.1963044156496773,26.064336917562724,5.0,-0.203349718381979,711.5999999999999,1093.8,2128.1,,0.90881424927914,-0.0495219051656563,26.391362007168457,12.0,-2.7383886328725016,-0.31,-0.12,-0.44,-0.74,-0.55,-0.64,0.0,-0.0,226.975,0.1862880446764721,699.9250000000001,0.1,0.0,0.35,0.0,0.0,1.0,0.0,1.0,0.0,0.0,1.0,0.0,0.0,0.1,0.0,0.35,396.87,18.60473684211,,19.84000015258789,1.5818167856868737,386.8633333333334,19.34175681298333,-1.7819186220145111,,,390.69,18.94227272727,,19.440000534057617
2002-01-01,583.3,1082.7,2162.7000000000003,,0.1261311976193067,-0.1819646856694891,25.333189964157707,1.0,-4.126267601126473,719.5999999999999,1271.4,2316.5,,0.8248789280790182,0.438966420683771,26.17853046594982,0.0,-1.2927823220686143,819.7,1607.4,2814.3999999999996,,0.6536876675831315,0.7825273392077283,25.911648745519717,0.0,-1.1341292882744494,603.3,1046.1,1934.7,,0.2942864241078227,-0.240760731786721,25.862329749103942,1.0,-2.067931643625192,-0.15,-0.08,-0.34,-0.68,-0.63,-0.55,0.0,-0.0,204.55,0.4747012335121511,681.4750000000001,0.1,0.0,0.35,0.0,0.0,1.0,0.0,1.0,0.0,0.0,1.0,0.0,0.0,0.1,0.0,0.35,389.18,19.485,,19.479999542236328,-1.9376622067679539,392.24666666666667,19.010669856459995,4.731392684349123,,,396.87,18.60473684211,,19.84000015258789
2002-02-01,527.4,1085.0,2119.4,,-0.234889677885619,-0.1723948561122833,25.00072964669739,0.0,-0.7483442140296965,542.3999999999999,1200.4,2241.2000000000003,,-0.3225684183514411,0.0836969695749369,26.31313364055299,0.0,2.2976612263184855,830.2,1808.2,2868.8999999999996,,0.7128395451054238,1.573619193416281,26.060061443932412,0.0,0.7046543138760875,394.5999999999999,989.4,1898.2,,-0.892312395633626,-0.468821704084371,26.337250384024575,17.0,3.479065284178187,0.03,-0.13,-0.25,-0.52,-0.75,-0.51,0.0,-0.0,142.125,0.8504114554412072,573.6500000000002,0.1,0.0,0.35,0.0,0.0,1.0,0.0,1.0,0.0,0.0,1.0,0.0,0.0,0.1,0.0,0.35,364.92,20.2915,,21.850000381469727,-6.233619404902613,383.6566666666667,19.460412280703327,4.139081344624063,,,389.18,19.485,,19.479999542236328
2002-03-01,414.8,1001.2,1903.8,,-0.9638055035028028,-0.4987210626679843,25.296428571428574,2.0,2.4069169226830525,471.9999999999999,1178.3000000000002,2235.1,,-0.7787213908808446,-0.0270324925765504,26.52281105990783,0.0,1.6501305043522765,932.8,1728.2,2985.9,,1.2929396485531437,1.2583507423011535,26.163287250384027,3.0,0.464450780849976,236.19999999999993,947.8,1763.6999999999998,,-1.7938672839690228,-0.6366977509803222,27.282411674347156,45.0,4.202686635944698,0.09,-0.19,-0.12,-0.44,-0.74,-0.55,0.0,-0.0,167.275,0.5957417991078225,513.9500000000002,0.1,0.0,0.35,0.0,0.0,1.0,0.0,1.0,0.0,0.0,1.0,0.0,0.0,0.1,0.0,0.35,359.21,23.6905,,26.229999542236328,-1.5647265154006496,371.1033333333333,21.15566666666666,16.7508562698667,,,364.92,20.2915,,21.850000381469727
2002-04-01,284.3,867.6,1836.0,,-1.809222385118244,-1.0195568323170818,25.989654377880186,18.0,3.64148233486943,481.4999999999999,1201.1,2179.1,,-0.7177477132563793,0.0870284892895062,26.81704045058883,4.0,-0.3587655529953899,875.0999999999999,1694.8000000000002,2965.3999999999996,,0.9662929870256404,1.1267464751228615,26.3673732718894,4.0,-0.1241863159242164,321.99999999999994,925.3,1747.3,,-1.3077201925836102,-0.7276460054873772,28.140727086533538,71.0,2.081587173579109,0.2,-0.29,-0.08,-0.34,-0.68,-0.63,0.0,-0.0,181.325,0.441653648014047,490.72500000000014,0.1,0.0,0.35,0.0,0.0,1.0,0.0,1.0,0.0,0.0,1.0,0.0,0.0,0.1,0.0,0.35,370.86,25.65409090909,,27.290000915527344,3.2432281952061492,364.99666666666667,23.212030303029994,8.288516110212951,,,359.21,23.6905,,26.229999542236328
2002-05-01,293.79999999999995,821.2,1800.5,,-1.7489449245294146,-1.2006915559640767,26.64913978494624,35.0,1.8417135176651307,563.4999999999999,1105.9,2165.8,,-0.1873882313226408,-0.3899536731207775,27.098530465949818,16.0,-0.2299053379416307,731.8,1562.0,2972.1,,0.1553286351320494,0.6031817788562273,26.69655913978495,12.0,0.1528513184843838,392.5999999999999,787.1999999999999,1700.3,,-0.90728361082954,-1.2845838044529885,28.57982078853047,77.0,1.0545495391705089,0.43,-0.35,-0.13,-0.25,-0.52,-0.75,0.0,-0.0,146.825,0.1779616153481254,495.42500000000007,0.1,0.0,0.35,0.0,0.0,1.0,0.0,1.0,0.0,0.0,1.0,0.0,0.0,0.1,0.0,0.35,399.89,25.38727272727,,25.350000381469727,7.827751712236419,376.65333333333336,24.910621212119995,-1.0400609507681402,,,370.86,25.65409090909,,27.290000915527344
2002-06-01,400.6,815.4000000000001,1833.5,0.0,-1.0581564482384596,-1.2236552736751554,26.695913978494627,42.0,0.021810291858678,505.39999999999986,977.4,2163.7000000000003,10.919354838709666,-0.5637437892107325,-1.0334466696771127,27.214982078853044,20.0,-0.0403076676907296,596.5999999999999,1529.4,2988.0,12.783870967741931,-0.6094654256799649,0.4745602954596065,26.798709677419353,11.0,-0.3289174987199175,418.2999999999999,654.5,1748.3000000000002,0.0,-0.761066393030687,-1.819684677246611,28.465125448028672,70.0,0.6378963133640561,0.65,-0.31,-0.19,-0.12,-0.44,-0.74,1.0,-0.0,152.075,0.1647266045721242,480.22500000000014,0.1,0.0,0.35,0.0,0.0,1.0,0.0,1.0,0.0,0.0,1.0,0.0,0.0,0.1,0.0,0.35,456.81,24.12789473684,,26.860000610351562,14.233914326439766,409.18666666666667,25.05641945773333,-4.960666724461604,,,399.89,25.38727272727,,25.350000381469727
2002-07-01,367.7,652.0,1734.7,117.98064516129034,-1.2713174639074702,-1.86122605784987,26.88010752688172,51.0,2.708960829493087,419.0999999999999,900.6,2172.0,0.0,-1.122552267810511,-1.4182513847819258,27.268064516129034,17.0,-0.1768883128520215,417.69999999999993,1292.8,2900.2000000000003,76.98709677419353,-1.6214160207837622,-0.4576432659106616,26.905376344086022,17.0,3.081566372247824,361.0999999999999,683.1,1729.1999999999998,18.96129032258064,-1.0861727680750468,-1.7055992407183418,28.521863799283153,69.0,0.676062980030725,0.79,-0.15,-0.29,-0.08,-0.34,-0.68,1.0,-9.438451612903227,92.5,0.4270110613915291,391.4000000000001,0.1,0.0,0.35,0.0,0.0,1.0,0.0,1.0,0.0,0.0,1.0,0.0,0.0,0.1,0.0,0.35,489.63,25.76782608696,,27.020000457763672,7.184606291455964,448.77666666666664,25.09433118368999,6.796827356910051,,,456.81,24.12789473684,,26.860000610351562
2002-08-01,329.79999999999995,623.6,1708.6,67.27419354838709,-1.5166099944284148,-1.9726587672644145,26.947849462365593,58.0,2.6443102918586767,378.19999999999993,941.7,2142.1,45.12258064516129,-1.3869266919351095,-1.2126564681713072,27.041182795698926,6.0,1.6826278161802364,348.69999999999993,1080.5,2888.7,83.88709677419355,-2.0113531346667535,-1.293955022643967,26.718279569892474,15.0,3.7212706733230903,378.5999999999999,771.1999999999999,1760.6,42.98387096774195,-0.9863051373360724,-1.3511707099961978,28.2584229390681,71.0,1.6161705069124397,0.86,0.03,-0.35,-0.13,-0.25,-0.52,1.0,-8.745645161290321,114.25,0.1059683596794002,358.8250000000001,0.1,0.0,0.35,0.0,0.0,1.0,0.0,1.0,0.0,0.0,1.0,0.0,0.0,0.1,0.0,0.35,502.75,26.63285714286,,28.979999542236328,2.6795743724853383,483.06333333333333,25.50952598888666,3.3570199246949928,,,489.63,25.76782608696,,27.020000457763672
2002-09-01,304.29999999999995,704.9,1706.1,25.383870967741927,-1.6817293105700166,-1.6560535372547542,27.0389605734767,67.0,2.761347030209933,435.69999999999993,941.1,2119.4,5.816129032258061,-1.0141617766880329,-1.2154318792430363,26.762293906810033,2.0,0.8408724398361507,371.0999999999999,967.7,2695.8999999999996,39.37741935483871,-1.8846525507474752,-1.7383254325635993,26.708279569892472,15.0,1.734879096262162,392.8999999999999,811.2,1759.0,17.587096774193554,-0.9047655312441965,-1.1898218457696033,28.082867383512543,69.0,0.7997968509984617,1.01,0.09,-0.31,-0.19,-0.12,-0.44,1.0,-4.822935483870967,169.25,0.1039865046185764,376.0000000000001,0.1,0.0,0.35,0.0,0.0,1.0,0.0,1.0,0.0,0.0,1.0,0.0,0.0,0.1,0.0,0.35,505.67,28.34238095238,,28.979999542236328,0.580805569368481,499.34999999999997,26.914354727399996,6.4188524736569885,,,502.75,26.63285714286,,28.979999542236328
2002-10-01,425.6,793.3,1660.9,,-0.8965986212141804,-1.311561975214636,26.786272401433692,63.0,1.3210513312852008,468.89999999999986,888.0,2089.1,,-0.7991347382301132,-1.4811600261563138,26.71390681003584,2.0,1.5859046979006663,565.1999999999999,982.9,2677.7,,-0.7865650574426938,-1.6783394114728185,26.492150537634405,8.0,-0.2999327316948275,516.8,877.9,1803.2,,-0.2003279307821221,-0.921093728906705,27.818351254480287,63.0,0.6942699692780323,1.21,0.2,-0.15,-0.29,-0.08,-0.34,1.0,-0.0,210.625,0.2558665411840807,494.1250000000001,0.1,0.0,0.35,0.0,0.0,1.0,0.0,1.0,0.0,0.0,1.0,0.0,0.0,0.1,0.0,0.35,528.57,27.54869565217,,27.219999313354492,4.528645163842038,512.33,27.507977915803327,-2.8003480072599674,,,505.67,28.34238095238,,28.979999542236328
2002-11-01,487.7,817.5000000000001,1638.7,,-0.4943758622420324,-1.217044482386741,26.50594982078853,45.0,-1.9657246543778797,613.8999999999999,992.1,2098.0,,0.1398267044491319,-0.9597335108147352,26.59136200716846,1.0,-1.600349782386072,793.3,1142.0,2704.0,,0.5037806347368116,-1.0512918964579696,26.29498207885304,2.0,-1.5886674987199196,578.4,957.0,1744.2,,0.1500502166606459,-0.6021278964392801,27.593333333333337,53.0,-2.1366296722990263,1.31,0.43,0.03,-0.35,-0.13,-0.25,1.0,-0.0,238.45,0.306583682104583,618.325,0.1,0.0,0.35,0.0,0.0,1.0,0.0,1.0,0.0,0.0,1.0,0.0,0.0,0.1,0.0,0.35,582.0,24.18476190476,,26.889999389648438,10.108405698393774,538.7466666666668,26.691946169769995,-12.210863954805884,,,528.57,27.54869565217,,27.219999313354492
2002-12-01,431.2,735.5,1550.9,,-0.8597952236382124,-1.5365825735754008,26.46698924731183,34.0,-1.428740783410138,712.4999999999999,1148.2,2125.6,,0.778192711504305,-0.1781731503740473,26.57853046594982,2.0,-3.01446268561188,914.1999999999998,1285.3,2814.7000000000003,,1.187635253433938,-0.4868185697549458,26.234014336917564,1.0,-1.2040868535586284,546.1999999999999,939.1,1593.6,,-0.0328524162108703,-0.6739361038338092,27.556702508960573,48.0,-2.072796338965695,1.14,0.65,0.09,-0.31,-0.19,-0.12,1.0,-0.0,201.95,0.5323168870475325,651.0250000000001,0.1,0.0,0.35,0.0,0.0,1.0,0.0,1.0,0.0,0.0,1.0,0.0,0.0,0.1,0.0,0.35,591.03,28.52095238095,,26.889999389648438,1.5515463917525674,567.1999999999999,26.75146997929333,17.929432149326054,,,582.0,24.18476190476,,26.889999389648438
2003-01-01,450.9,876.5,1528.5,,-0.7316498984267235,-0.9865256469483168,26.070215053763437,13.0,-3.822504224270352,816.5999999999999,1285.5,2186.1,,1.4525506268568438,0.5092828553110836,26.35272401433692,1.0,-2.3104304275473613,1014.9,1580.1,2872.9,,1.7573327887886638,0.6746324459366501,26.117885304659495,1.0,-2.1508610471070124,481.2999999999999,998.1,1681.1999999999998,,-0.4009939064886453,-0.435695183122292,27.167455197132615,32.0,-3.8287103174603168,0.92,0.79,0.2,-0.15,-0.29,-0.08,1.0,-0.0,250.52500000000003,0.3822728331633389,690.9250000000002,0.1,0.0,0.35,0.0,0.0,1.0,0.0,1.0,0.0,0.0,1.0,0.0,0.0,0.1,0.0,0.35,540.72,31.24666666667,,33.5099983215332,-8.512258261001971,571.25,27.98412698412666,9.556883828117124,,,591.03,28.52095238095,,26.889999389648438
2003-02-01,391.2,878.9,1502.5,,-1.117185207436807,-0.97647496424893,25.701881720430105,7.0,-2.4029554531490014,689.8999999999999,1303.8,2245.5,,0.6322433269094625,0.6009973628153605,26.376612903225805,1.0,-0.6654880312340001,1000.2,1793.5,2874.0,,1.6741525765906082,1.5153064829012377,26.14558371735791,1.0,-0.6550190732206858,352.0999999999999,930.5,1701.7,,-1.13506600545647,-0.7075139687534245,27.13705837173579,27.0,0.8179217869943649,0.63,0.86,0.43,0.03,-0.35,-0.13,1.0,0.0,155.875,0.7093652633652127,608.3500000000001,0.1,0.0,0.35,0.0,0.0,1.0,0.0,1.0,0.0,0.0,1.0,0.0,0.0,0.1,0.0,0.35,522.43,32.6485,,36.599998474121094,-3.3825270010356734,551.3933333333333,30.80537301587333,4.486345210144593,,,540.72,31.24666666667,,33.5099983215332
2003-03-01,473.49999999999994,904.7,1609.6,,-0.5844036243822518,-0.875674387193919,25.48037634408602,2.0,-0.3589923195084488,605.5999999999999,1318.1,2259.2,,0.0860589396614289,0.6722497579438105,26.608870967741936,6.0,1.8349881592421935,956.3,1870.5,2838.2,,1.4257866261930328,1.8185822333288757,26.20042242703533,3.0,0.6232988991295443,366.3999999999999,912.6,1723.8,,-1.0543663929941398,-0.7799172495063259,27.475768049155143,38.0,2.385702124935996,0.38,1.01,0.65,0.09,-0.31,-0.19,0.0,0.0,194.05,0.2742305611738918,600.4500000000002,0.1,0.0,0.35,0.0,0.0,1.0,0.0,1.0,0.0,0.0,1.0,0.0,0.0,0.1,0.0,0.35,522.52,30.33904761905,,31.040000915527344,0.017227188331458976,528.5566666666667,31.411404761906663,-7.073686022175596,,,522.43,32.6485,,36.599998474121094
2003-04-01,336.79999999999995,787.7,1581.0,,-1.4695779527909802,-1.3316253157459166,25.9734229390681,16.0,3.3301187916026613,571.3999999999999,1388.0,2276.0,,-0.1357734157148422,1.0220323943588747,26.841093189964155,7.0,-0.1410844214029722,832.9999999999999,1847.9,2830.7999999999997,,0.7281517723798595,1.7294862611772035,26.39379160266257,3.0,-0.5435344342037887,293.8999999999999,775.1999999999999,1653.1,,-1.4674669934537254,-1.3333694880524656,28.188348694316435,60.0,1.7525453149001535,-0.04,1.21,0.79,0.2,-0.15,-0.29,0.0,0.0,158.85000000000002,0.6462373932688686,508.77500000000015,0.05,0.0,0.35,0.0,0.0,1.0,0.0,1.0,0.0,0.0,1.0,0.0,0.0,0.1,0.0,0.35,540.9,25.016,,25.799999237060547,3.517568705504104,528.6166666666667,29.33451587301666,-17.54520341537563,,,522.52,30.33904761905,,31.040000915527344
2003-05-01,332.2,723.4,1540.9,,-1.500766930860214,-1.5826141481968694,26.769390681003586,37.0,-0.1754134664618512,535.4999999999999,1225.4,2217.5,,-0.3690981461907378,0.2076205201828869,27.33544802867383,22.0,1.4508295570916516,646.9999999999999,1647.1999999999998,2789.2,,-0.3244223278661825,0.9385431977150264,26.796594982078854,10.0,0.509411802355352,354.79999999999995,706.9,1663.9,,-1.122336711783661,-1.6089059984374594,28.74483870967742,77.0,0.2309324116743489,-0.26,1.31,0.86,0.43,0.03,-0.35,0.0,0.0,114.475,0.1102256008628457,467.3750000000001,0.1,0.0,0.35,0.0,0.0,1.0,0.0,1.0,0.0,0.0,1.0,0.0,0.0,0.05,0.0,0.35,549.24,25.8095,,29.559999465942383,1.541874653355535,537.5533333333334,27.054849206349996,3.1719699392388945,,,540.9,25.016,,25.799999237060547
2003-06-01,351.59999999999997,825.0999999999999,1560.6,0.0,-1.3759264333895798,-1.186535005937595,27.13430107526882,48.0,0.0523275729646748,450.6999999999999,1056.3,2204.5,23.919354838709666,-0.9184277973758014,-0.6391643301865343,27.514910394265232,31.0,1.2910231054787502,512.9999999999999,1469.3000000000002,2754.6,47.38387096774193,-1.0824244797770295,0.2377051193655578,26.89494623655914,14.0,0.3029216589861754,323.09999999999997,689.4999999999999,1628.6,32.938709677419354,-1.3025295197797584,-1.6793895686919758,28.78831541218638,78.0,0.7403750640040947,-0.16,1.14,1.01,0.65,0.09,-0.31,0.0,0.0,136.275,0.3161450214100935,409.60000000000014,0.1,0.0,0.35,0.0,0.0,1.0,0.0,1.0,0.0,0.0,1.0,0.0,0.0,0.1,0.0,0.35,545.85,27.54571428571,,29.559999465942383,-0.6172165173694566,545.33,26.12373809523666,6.7270357260311275,,,549.24,25.8095,,29.559999465942383
2003-07-01,491.4,828.2,1704.7,0.0,-0.4710579185076236,-1.1746733961820637,26.843405017921143,35.0,-0.3540864055299551,329.9999999999999,901.4,2186.9,0.0,-1.6997812550358389,-1.4145834656635046,27.478387096774195,30.0,0.0403886968766009,388.0999999999999,1221.1,2801.2,30.387096774193537,-1.7887160025566715,-0.7399938574387519,26.83813620071685,17.0,-0.2072611367127486,345.69999999999993,639.6,1637.7,9.861290322580643,-1.1735902866442094,-1.880696880111134,28.46713261648745,74.0,-0.8990066564260104,0.08,0.92,1.21,0.79,0.2,-0.15,0.0,0.0,138.05,0.2399424826862938,388.8000000000001,0.1,0.0,0.35,0.0,0.0,1.0,0.0,1.0,0.0,0.0,1.0,0.0,0.0,0.1,0.0,0.35,531.41,28.39826086957,,30.540000915527344,-2.645415407163154,542.1666666666666,27.25115838509333,3.095024420195469,,,545.85,27.54571428571,,29.559999465942383
2003-08-01,541.5,873.7,1752.6,19.374193548387098,-0.1463707702262593,-0.9979024102999462,26.51544802867383,29.0,1.9778759600614428,445.5999999999999,981.1,2284.9,0.0,-0.9505799899961662,-1.015833272781918,27.04290322580645,17.0,-0.0157134536610357,420.5999999999999,1067.6,2861.1,23.98709677419356,-1.6046169450322636,-1.3448027525531208,26.65426523297491,14.0,1.1552119815668185,387.69999999999993,742.5,1673.0,7.683870967741939,-0.9346257182417496,-1.4669088800421677,28.27358422939068,72.0,0.5313159242191468,0.21,0.63,1.31,0.86,0.43,0.03,0.0,16.661806451612904,174.525,0.166767740247213,448.85000000000014,0.1,0.0,0.35,0.0,0.0,1.0,0.0,1.0,0.0,0.0,1.0,0.0,0.0,0.1,0.0,0.35,515.69,29.82571428571,,31.56999969482422,-2.958167892963981,530.9833333333335,28.589896480329998,5.026552233941839,,,531.41,28.39826086957,,30.540000915527344
2003-09-01,583.5,935.1,1839.8,0.0,0.1257489789977365,-0.7588172599104178,26.277670250896055,24.0,1.4906958525345644,587.9999999999999,1038.7,2356.8,0.0,-0.0281251359209635,-0.7274236696057718,26.742903225806447,6.0,0.6443761520737326,491.5999999999999,1004.6,2875.1,25.377419354838707,-1.2029254616841232,-1.5929386818200555,26.56204301075269,7.0,0.629747823860729,428.19999999999993,751.3000000000001,1663.9,26.68709677419355,-0.7040141874103419,-1.4311909440160857,27.9758064516129,67.0,0.0045963901689702,0.26,0.38,1.14,1.01,0.65,0.09,0.0,0.0,210.25,0.2283130198210656,522.8250000000002,0.1,0.0,0.35,0.0,0.0,1.0,0.0,1.0,0.0,0.0,1.0,0.0,0.0,0.1,0.0,0.35,558.02,27.09818181818,,29.200000762939453,8.208419787081379,535.0400000000001,28.44071899115333,-9.144902420113398,,,515.69,29.82571428571,,31.56999969482422
2003-10-01,558.5999999999999,1050.0,1837.7,,-0.035471617372332,-0.3109256236200799,26.359390681003585,31.0,0.3005668202764937,705.5999999999999,1035.6,2423.6,,0.7331840506629891,-0.7429170220307244,26.765483870967746,13.0,0.7285643241167428,714.7999999999998,1102.9,2950.8,,0.0594183287935223,-1.2057020416071682,26.54913978494623,7.0,-1.1003543266769071,534.4,880.1,1655.3000000000002,,-0.1003117243394109,-0.9121684903807336,27.80913978494624,54.0,-1.601204685099848,0.29,-0.04,0.92,1.21,0.79,0.2,0.0,0.0,243.575,0.32422408032791,628.3500000000001,0.1,0.0,0.35,0.0,0.0,1.0,0.0,1.0,0.0,0.0,1.0,0.0,0.0,0.1,0.0,0.35,608.26,29.59043478261,,29.110000610351562,9.003261531844743,560.6566666666668,28.83811029549999,9.197122453278261,,,558.02,27.09818181818,,29.200000762939453
2003-11-01,504.69999999999993,1046.2,1769.6,,-0.3840825758625405,-0.3253346930654444,26.326379928315415,23.0,-0.1498910650281608,821.3,1266.9,2492.3,,1.4824472330785248,0.4153310226379845,26.64716845878136,12.0,-2.236524385560676,885.0999999999998,1305.6999999999998,2952.8999999999996,,1.0229797798815263,-0.4064674637141247,26.28362007168459,5.0,-2.0598856886840764,574.5,962.2,1669.1,,0.1283690997268634,-0.580876318112689,27.29437275985663,35.0,-3.0734358678955456,0.35,-0.26,0.63,1.31,0.86,0.43,0.0,0.0,242.575,0.4611496659402953,696.4000000000001,0.1,0.0,0.35,0.0,0.0,1.0,0.0,1.0,0.0,0.0,1.0,0.0,0.0,0.1,0.0,0.35,630.62,28.772,,30.40999984741211,3.6760595797849627,598.9666666666667,28.48687220026333,-2.7658761644522634,,,608.26,29.59043478261,,29.110000610351562
2003-12-01,578.4,1161.9,1987.0,,0.0933504672496451,0.1261133891362102,25.94225806451613,15.0,-6.2257351510496655,826.7999999999998,1414.8,2471.1,,1.5183797560101644,1.1561229095182577,26.46663082437276,8.0,-2.2390351382488483,1003.9999999999998,1495.6,2964.8999999999996,,1.6958141576000518,0.3418359034925355,26.03663082437276,5.0,-2.1829932155657943,641.3,1069.5,1759.0,,0.5092485576228133,-0.1476801800979975,26.46480286738351,13.0,-4.361892857142857,0.35,-0.16,0.38,1.14,1.01,0.65,0.0,0.0,276.47499999999997,0.1847151749222417,762.6250000000001,0.1,0.0,0.35,0.0,0.0,1.0,0.0,1.0,0.0,0.0,1.0,0.0,0.0,0.1,0.0,0.35,637.36,29.92666666667,3.8124001026153564,32.52000045776367,1.068789445307794,625.4133333333334,29.429700483093328,4.013160943521488,,,630.62,28.772,,30.40999984741211
2004-01-01,556.5,1115.1,1943.3,,-0.047870424909154,-0.0560440671104916,25.691720430107527,7.0,-3.08293945212494,756.3,1461.9,2363.3,,1.0621081180951988,1.391903708252857,26.38383512544803,1.0,-0.0158093317972358,943.7999999999998,1658.6,2879.7,,1.35549848047551,0.9839393342991444,25.94093189964158,2.0,-2.0101168714797755,523.0,1057.4,1697.0000000000002,,-0.1626188640510128,-0.1959700116066533,26.264802867383512,7.0,-1.1800917818740402,0.37,0.08,-0.04,0.92,1.21,0.79,0.0,0.0,175.85000000000002,0.4588901226151871,694.9000000000001,0.1,0.0,0.35,0.0,0.0,1.0,0.0,1.0,0.0,0.0,1.0,0.0,0.0,0.1,0.0,0.35,656.97,31.17523809524,3.8010001182556152,33.04999923706055,3.07675411070667,641.6500000000001,29.957968253969995,4.172103236477609,,-0.2990238184056415,637.36,29.92666666667,3.8124001026153564,32.52000045776367
2004-02-01,544.6999999999999,1049.4,1923.1,,-0.1236426312195916,-0.31164576431822,25.37827215424546,2.0,-1.2152441292794478,550.3999999999999,1371.7,2352.7999999999997,,-0.2711930788648141,0.9404676468186696,26.544716351501663,1.0,1.065685947348907,687.9999999999999,1573.1,2640.7,,-0.0914346633106953,0.6473176871482944,26.0927326659251,1.0,1.8210318254851072,360.69999999999993,935.2,1677.7,,-1.0852731187976945,-0.6875988591244663,26.55016685205784,13.0,1.8125368001483153,0.31,0.21,-0.26,0.63,1.31,0.86,0.0,0.0,83.625,0.4277043859931155,535.95,0.1,0.0,0.35,0.0,0.0,1.0,0.0,1.0,0.0,0.0,1.0,0.0,0.0,0.1,0.0,0.35,682.08,30.866,3.7715001106262207,33.04999923706055,3.8220923329832512,658.8033333333334,30.65596825396999,-0.991934991146759,3.794966777165731,-0.7761117261667727,656.97,31.17523809524,3.8010001182556152,33.04999923706055
2004-03-01,378.4,956.8,1891.9,,-1.2001766347191465,-0.6724782265242212,25.810530218761585,11.0,1.0213965826226676,792.4999999999999,1619.3,2658.0,,1.295673349605592,2.1793617391084155,26.824286243974782,9.0,-0.348578976640713,580.0999999999999,1584.1,2588.7,,-0.70210071713257,0.6906119137379435,26.3669262143122,4.0,0.684535718699788,360.7999999999999,1002.1,1753.4,,-1.0858185469415378,-0.4181603295607249,27.253392658509455,29.0,0.5553426955876866,0.23,0.26,-0.16,0.38,1.14,1.01,0.0,0.0,268.475,0.5860647335963344,527.9500000000002,0.1,0.0,0.35,0.0,0.0,1.0,0.0,1.0,0.0,0.0,1.0,0.0,0.0,0.1,0.0,0.35,689.43,33.79913043478,3.7772998809814453,35.7599983215332,1.0775862068965303,676.16,31.946789510006663,9.502787645888677,3.7832667032877603,0.15377887273246849,682.08,30.866,3.7715001106262207,33.04999923706055
2004-04-01,336.5,893.0,1943.0,,-1.4722709040781796,-0.9214137770550036,26.393576813743664,30.0,3.102427944629838,825.1999999999998,1581.5,2617.1,,1.5070217246990834,1.990046676786704,27.01880237300705,15.0,0.6576486219255955,496.1999999999999,1440.0,2542.9,,-1.17694838196851,0.1229294635389919,26.58678284513657,9.0,0.6047185143987157,341.5,864.5,1744.6,,-1.1967804285100128,-0.97273699077216,28.05346434309727,54.0,3.151819398096652,0.17,0.29,0.08,-0.04,0.92,1.21,0.0,-0.0,147.75,0.4302775009703207,499.85000000000014,0.1,0.0,0.35,0.0,0.0,1.0,0.0,1.0,0.0,0.0,1.0,0.0,0.0,0.1,0.0,0.35,672.46,33.36227272727,3.7969000339508057,37.380001068115234,-2.4614536646214824,681.3233333333334,32.67580105401667,-1.2925116767514733,3.7819000085194907,0.5188932196791285,689.43,33.79913043478,3.7772998809814453,35.7599983215332
2004-05-01,467.0,1011.7,2057.9,,-0.6287729484626935,-0.4590203062757708,26.77659498207885,40.0,0.4659333209739174,856.9999999999999,1407.4,2674.2999999999997,,1.712370239994584,1.118188161734546,27.306344086021507,29.0,1.6797131380546304,578.4999999999999,1266.4999999999998,2572.2,,-0.7119004131573686,-0.560858623157003,26.842437275985663,18.0,1.6679927079471035,535.3,896.0,1858.2,,-0.0961168580811868,-0.8466305566534307,28.3710394265233,67.0,1.7121097206773008,0.17,0.35,0.21,-0.26,0.63,1.31,0.0,-0.0,193.225,0.2086712240577063,609.4500000000002,0.05,0.0,0.35,0.0,0.0,1.0,0.0,1.0,0.0,0.0,1.0,0.0,0.0,0.1,0.0,0.35,627.96,37.91631578947,3.7981998920440674,39.880001068115234,-6.617493977336942,663.2833333333334,35.02590631717333,13.650278263199866,3.790799935658773,0.034234719946235614,672.46,33.36227272727,3.7969000339508057,37.380001068115234
2004-06-01,455.6,833.9999999999999,1995.9,42.03870967741935,-0.702831694719159,-1.152010707463568,26.950681003584233,43.0,1.7695166543072531,439.4999999999999,1232.0,2646.7999999999997,51.419354838709666,-0.9908386331034618,0.239844723690871,27.462867383512545,29.0,1.763650414040292,398.0999999999999,978.2,2473.8,145.78387096774193,-1.732510985329069,-1.6968850663593569,27.05967741935484,26.0,2.107778550241008,389.7999999999999,750.6,1820.1,71.03870967741936,-0.9233361281879366,-1.4330406216870042,28.66627240143369,78.0,1.3791088246199514,0.28,0.35,0.26,-0.16,0.38,1.14,0.0,-6.726193548387096,79.77499999999999,0.542984836907685,420.7500000000001,0.1,0.0,0.35,0.0,0.0,1.0,0.0,1.0,0.0,0.0,1.0,0.0,0.0,0.05,0.0,0.35,581.74,35.19136363636,3.8059000968933105,37.04999923706055,-7.360341423020578,627.3866666666668,35.489984051033325,-7.186753502740794,3.800333340962728,0.20273300690079044,627.96,37.91631578947,3.7981998920440674,39.880001068115234
2004-07-01,561.4,897.9,2013.0,0.0,-0.0177403249598523,-0.9032667219339602,26.570860215053766,31.0,0.8683069768879044,394.2999999999999,1219.5,2681.4,0.0,-1.2829016946328862,0.177455770853696,27.151146953405014,23.0,-0.0611345321962666,394.7999999999999,891.0,2549.6,0.0,-1.7507487502493393,-2.040271392157823,26.78820788530466,23.0,-1.40997951427512,447.5,789.0,1846.4,0.0,-0.5945095468549814,-1.2786995957560674,28.070501792114698,63.0,0.2937754912866168,0.47,0.37,0.29,0.08,-0.04,0.92,0.0,0.0,176.50000000000003,0.1826343946628401,449.5000000000001,0.1,0.0,0.35,0.0,0.0,1.0,0.0,1.0,0.0,0.0,1.0,0.0,0.0,0.1,0.0,0.35,605.08,38.37045454545,3.7981998920440674,43.79999923706055,4.012101626156017,604.9266666666667,37.15937799042666,9.033724700015133,3.800766626993815,-0.2023228317403425,581.74,35.19136363636,3.8059000968933105,37.04999923706055
2004-08-01,412.1,879.0999999999999,1928.5,103.8741935483871,-0.9839183365618308,-0.9771556815452984,26.7794623655914,47.0,3.1741671919416667,312.89999999999986,1169.9,2541.6,86.9225806451613,-1.8095449690182217,-0.0708911466257924,26.962974910394266,9.0,2.10623105920158,272.9999999999999,851.5,2424.6,148.98709677419356,-2.4395115662841995,-2.19606715244362,26.73444444444445,22.0,3.817009733036709,289.49999999999994,824.8,1760.0,94.08387096774194,-1.4919621046344342,-1.134739623320541,27.880179211469535,64.0,1.816194846125324,0.64,0.31,0.35,0.21,-0.26,0.63,1.0,21.813580645161288,65.6,0.3034774740124288,321.8750000000001,0.1,0.0,0.35,0.0,0.0,1.0,0.0,1.0,0.0,0.0,1.0,0.0,0.0,0.1,0.0,0.35,604.65,43.03,3.7980000972747803,43.79999923706055,-0.07106498314273235,597.1566666666668,38.86393939393667,12.143576378618981,3.800700028737386,-0.005260248932803524,605.08,38.37045454545,3.7981998920440674,43.79999923706055
2004-09-01,428.99999999999994,884.6,1841.4,25.283870967741933,-0.8744522519619468,-0.9558301989983234,26.700573476702505,51.0,2.25439120627858,399.69999999999993,839.2,2458.5,17.01612903225805,-1.246983429785374,-1.725518717527014,26.626308243727596,1.0,1.3653215609936955,545.3999999999999,943.5,2527.6000000000004,0.0,-0.8982195787824664,-1.833462890926251,26.28222222222222,12.0,-0.8417053207267351,414.49999999999994,804.3000000000001,1806.4,0.0,-0.7812351181509182,-1.2172657901887125,27.591290322580647,58.0,2.1344986095661795,0.7,0.23,0.35,0.26,-0.16,0.38,1.0,6.573806451612903,205.05,0.3340764905456778,447.1500000000001,0.1,0.0,0.35,0.0,0.0,1.0,0.0,1.0,0.0,0.0,1.0,0.0,0.0,0.1,0.0,0.35,601.6,43.38136363636,3.8008999824523926,49.63999938964844,-0.5044240469693095,603.7766666666668,41.593939393936665,0.8165550461538329,3.7990333239237466,0.07635295164138967,604.65,43.03,3.7980000972747803,43.79999923706055
2004-10-01,339.99999999999994,901.4,1794.4,,-1.4506097416698356,-0.8902204224237856,26.939283154121863,61.0,1.5419933568162136,576.5999999999999,970.9,2552.4,,-0.1018081305574141,-1.0660999486163731,26.67469534050179,4.0,-0.6257752131998515,522.4999999999999,917.3,2357.2999999999997,,-1.0280213935934714,-1.9365581443832545,26.46716845878136,10.0,0.1886226362625152,486.69999999999993,934.2,1798.7000000000005,,-0.3707026103254641,-0.6934845604831534,27.41064516129032,53.0,-1.7204476269929536,0.67,0.17,0.37,0.29,0.08,-0.04,1.0,0.0,210.8,0.4247026293517315,481.4500000000001,0.1,0.0,0.35,0.0,0.0,1.0,0.0,1.0,0.0,0.0,1.0,0.0,0.0,0.1,0.0,0.35,583.49,49.8180952381,3.7871999740600586,51.7599983215332,-3.0103058510638325,596.58,45.409819624819995,14.837550187899273,3.7953666845957437,-0.3604411706591315,601.6,43.38136363636,3.8008999824523926,49.63999938964844
2004-11-01,390.7,802.8,1814.5,,-1.1223065790938358,-1.27440600644372,26.75666666666667,46.0,0.3297442528735601,723.3999999999999,1036.3,2443.7000000000003,,0.8490728394316785,-0.7381826048033168,26.405555555555555,3.0,-1.881997435422072,806.7999999999998,1079.8,2346.3,,0.5803302039832074,-1.2961534723262091,26.167921146953404,2.0,-1.598525213199851,556.8,846.3,1742.3,,0.0282323275321172,-1.0466474225097566,27.02358422939068,31.0,-1.5987352614015578,0.66,0.17,0.31,0.35,0.21,-0.26,1.0,0.0,203.575,0.4390681983111091,619.4250000000002,0.1,0.0,0.35,0.0,0.0,1.0,0.0,1.0,0.0,0.0,1.0,0.0,0.0,0.1,0.0,0.35,561.19,43.05363636364,3.797600030899048,49.130001068115234,-3.8218307083240477,582.0933333333334,45.4176984127,-13.578316959189273,3.7952333291371665,0.27461071266960957,583.49,49.8180952381,3.7871999740600586,51.7599983215332
2004-12-01,450.4,879.4000000000001,1713.4,,-0.735598247446648,-0.9755651630201104,26.4668458781362,31.0,-4.592771876158697,746.4999999999999,1146.2,2378.2000000000003,,0.9987773621008756,-0.1876318227123833,26.320107526881717,3.0,-2.1182071128414286,790.5999999999999,1336.0,2314.2,,0.4888060940030279,-0.2865303225022468,26.106129032258067,1.0,-2.932761772339637,550.1999999999999,964.7,1715.3,,-0.0084101747541558,-0.5691084225359259,26.483906810035844,13.0,-3.8900739710789742,0.69,0.28,0.23,0.35,0.26,-0.16,1.0,0.0,220.05,0.215026394274075,634.4250000000001,0.1,0.0,0.35,0.0,0.0,1.0,0.0,1.0,0.0,0.0,1.0,0.0,0.0,0.1,0.0,0.35,552.06,39.64428571429,3.708899974822998,43.45000076293945,-1.6268999803988105,565.58,44.17200577201,-7.918844811513514,3.764566659927368,-2.33568715384308,561.19,43.05363636364,3.797600030899048,49.130001068115234
2005-01-01,447.2999999999999,787.3,1685.2,,-0.7546695023810102,-1.3340654287619285,25.9173835125448,14.0,-2.4194385428253575,519.2999999999998,1095.9,2315.4,,-0.4721575690683811,-0.4394298933097724,26.335161290322585,0.0,-0.6357339945618605,800.4999999999999,1323.0,2214.0,,0.5447454811313732,-0.3379683616855244,26.138387096774196,2.0,-0.4014445680385599,380.4,867.0999999999999,1656.1,,-0.973038446878564,-0.9616442891464274,26.36777777777778,14.0,-0.8913105302187638,0.64,0.47,0.17,0.37,0.29,0.08,1.0,0.0,113.25,0.5234480481274248,536.8750000000001,0.1,0.0,0.35,0.0,0.0,1.0,0.0,1.0,0.0,0.0,1.0,0.0,0.0,0.1,0.0,0.35,519.98,44.28333333333,3.7985000610351562,48.20000076293945,-5.810962576531519,544.41,42.32708513708666,11.701680419904314,3.768333355585734,2.4158129585695853,552.06,39.64428571429,3.708899974822998,43.45000076293945
2005-02-01,399.8,790.5,1669.6,,-1.0614369342185987,-1.321094675480675,25.638018433179724,4.0,-0.928812980030724,389.6999999999999,1113.1,2283.0,,-1.3118532593700545,-0.3534884930899669,26.696351766513057,8.0,2.558257808499743,658.3999999999999,1465.2,2316.7,,-0.2591666720674179,0.2222459307320317,26.300768049155145,2.0,0.7793166282642083,275.79999999999995,832.6,1657.4,,-1.568429403330156,-1.1008188479110428,27.014285714285716,39.0,3.324354262672813,0.58,0.64,0.17,0.31,0.35,0.21,1.0,0.0,97.625,0.5939236907032445,430.9250000000001,0.1,0.0,0.35,0.0,0.0,1.0,0.0,1.0,0.0,0.0,1.0,0.0,0.0,0.1,0.0,0.35,495.73,45.557,3.7990000247955322,51.75,-4.663640909265743,522.59,43.161539682539996,2.8761761385098117,3.7688000202178955,0.013162136431277283,519.98,44.28333333333,3.7985000610351562,48.20000076293945
2005-03-01,274.9,725.3000000000001,1609.9,,-1.8696865341456643,-1.57498472709488,25.801459293394775,6.0,-0.2365165130568343,387.1999999999998,1133.6999999999998,1972.9,,-1.3287048881764127,-0.2507989666173595,27.064093701996928,13.0,0.692892985151051,531.6999999999999,1322.3,2265.8,,-0.9763561932910936,-0.3409449195421847,26.700768049155144,6.0,1.6769164746543763,231.9,782.0999999999999,1586.4,,-1.8191754283498704,-1.3044123634880838,27.827188940092167,60.0,1.5807444316436268,0.45,0.7,0.28,0.23,0.35,0.26,0.0,0.0,145.55,0.2947382019260477,356.4250000000001,0.1,0.0,0.35,0.0,0.0,1.0,0.0,1.0,0.0,0.0,1.0,0.0,0.0,0.1,0.0,0.35,543.69,53.08409090909,3.799499988555908,55.400001525878906,9.674621265608296,519.8000000000001,47.64147474747333,16.522358603705257,3.7990000247955322,0.013160404240930568,495.73,45.557,3.7990000247955322,51.75
2005-04-01,215.7,663.0,1564.4,,-2.2537514980933824,-1.81778960320388,26.420921658986178,21.0,1.8737012288786443,473.3999999999998,992.7,1963.6,,-0.7712436929913186,-0.9568745564364526,27.39570660522273,21.0,0.041789042498717,579.3,1379.8,2297.1,,-0.7072348597132033,-0.1145715574253948,26.753922171018942,9.0,-0.3616946364567361,278.5,658.9,1593.1,,-1.5558272958538246,-1.8012174738719111,28.71417818740399,77.0,1.0061888760880675,0.43,0.67,0.47,0.17,0.37,0.29,0.0,0.0,143.55,0.592876914420189,386.72500000000014,0.1,0.0,0.35,0.0,0.0,1.0,0.0,1.0,0.0,0.0,1.0,0.0,0.0,0.1,0.0,0.35,545.88,51.85714285714,3.78439998626709,49.720001220703125,0.40280306792472853,528.4333333333334,50.16607792207666,-2.311329121282746,3.7942999998728433,-0.39742077468876147,543.69,53.08409090909,3.799499988555908,55.400001525878906
2005-05-01,306.2,706.0,1508.8000000000002,,-1.6689251228713398,-1.6503175078246002,26.756021505376346,38.0,-0.4945138248847911,562.1999999999998,951.9,1988.2,,-0.196272425009378,-1.1614950564747422,27.3552688172043,22.0,-0.7296088069636468,677.8999999999999,1336.3,2416.1,,-0.1496232120333945,-0.2860960449250235,26.771433691756272,10.0,-2.1259634536610346,358.0,633.8,1480.1,,-1.1041873256491153,-1.9030544154228488,28.76440860215054,73.0,-0.2994885432667686,0.29,0.66,0.64,0.17,0.31,0.35,0.0,0.0,186.975,0.3492854667124682,476.07500000000016,0.1,0.0,0.35,0.0,0.0,1.0,0.0,1.0,0.0,0.0,1.0,0.0,0.0,0.1,0.0,0.35,537.98,48.66590909091,3.799499988555908,49.720001220703125,-1.44720451381255,542.5166666666668,51.20238095238,-6.1538943150444165,3.7944666544596353,0.3990065094496842,545.88,51.85714285714,3.78439998626709,49.720001220703125
2005-06-01,372.2,647.1,1526.5,24.33870967741933,-1.2424240324292,-1.8802407824123284,27.001290322580644,52.0,0.280884920634918,498.3999999999998,885.6,2031.7999999999995,7.819354838709671,-0.6093971707511,-1.493848150283423,27.398530465949825,22.0,0.120868791602664,727.6999999999998,1259.4,2595.4,0.0,0.1321483067199529,-0.5893225834352304,26.69322580645161,10.0,-0.2374285074244753,311.59999999999997,543.5,1508.2,42.938709677419354,-1.368116708211077,-2.2676638749335063,28.935627240143372,77.0,-0.6380575396825385,0.11,0.69,0.7,0.28,0.23,0.35,0.0,6.814838709677414,146.95,0.337201479772159,477.47500000000014,0.1,0.0,0.35,0.0,0.0,1.0,0.0,1.0,0.0,0.0,1.0,0.0,0.0,0.1,0.0,0.35,560.15,54.30681818182,3.7988998889923096,56.5,4.120971039815591,548.0033333333334,51.609956709956656,11.59108952505652,3.794266621271769,-0.01579417200699984,537.98,48.66590909091,3.799499988555908,49.720001220703125
2005-07-01,396.6,612.3,1399.6,83.68064516129033,-1.0847650165099303,-2.0166027999800624,27.10010752688172,62.0,0.8611268561187906,444.0999999999998,917.5,2013.4,0.0,-0.960551479264136,-1.3343818723244043,27.186272401433698,15.0,0.2689816948284722,621.7999999999998,1201.1,2524.1,25.887096774193537,-0.4667233477695311,-0.8189617986614457,26.659426523297487,7.0,0.2283403097798277,305.59999999999997,584.1,1451.1999999999998,40.561290322580646,-1.4020207835666394,-2.1051197307417167,28.821756272401434,77.0,0.3158295570916571,-0.06,0.64,0.67,0.47,0.17,0.37,0.0,39.329903225806454,108.1,0.2738028263034162,442.0250000000001,0.1,0.0,0.35,0.0,0.0,1.0,0.0,1.0,0.0,0.0,1.0,0.0,0.0,0.1,0.0,0.35,561.26,57.57904761905,3.75,60.56999969482422,0.1981612068196137,553.13,53.51725829725999,6.025448639385456,3.7827999591827393,-1.2872118355632844,560.15,54.30681818182,3.7988998889923096,56.5
2005-08-01,301.9,608.1,1398.6,104.87419354838708,-1.6980383092973226,-2.0337360913382323,27.46677419354839,71.0,1.3491107270865328,428.1999999999998,990.4,2103.5,0.0,-1.0632476340821249,-0.969333687633194,27.05401433691756,8.0,0.8305677163338459,462.4999999999999,1140.4,2605.6,67.48709677419356,-1.3677820603373594,-1.0581394717402737,26.73899641577061,11.0,2.031754288274449,294.2,652.1999999999999,1484.8,60.483870967741936,-1.4668495955827452,-1.83109263474635,28.85401433691756,80.0,0.8800231054787488,-0.14,0.58,0.66,0.64,0.17,0.31,0.0,67.11948387096774,116.65,0.3450642901331955,371.7000000000001,0.1,0.0,0.35,0.0,0.0,1.0,0.0,1.0,0.0,0.0,1.0,0.0,0.0,0.1,0.0,0.35,550.08,64.09,3.7701001167297363,68.94000244140625,-1.99194669137297,557.1633333333333,58.65862193362333,11.307850077735315,3.7730000019073486,0.5360031127929599,561.26,57.57904761905,3.75,60.56999969482422
2005-09-01,270.5,642.7,1368.0,55.88387096774193,-1.901615300817293,-1.8994711563477584,27.71566308243728,81.0,2.674639400921656,471.0999999999998,969.5,2103.2,17.31612903225806,-0.785316981563369,-1.073832859697096,26.948458781362007,11.0,2.0097890424987206,444.39999999999986,1172.1,2494.4,33.577419354838696,-1.4702077608183148,-0.9332424501139712,26.776774193548388,15.0,1.036699628776244,325.0,636.6,1418.7,46.38709677419355,-1.2918424463982028,-1.894087460169549,28.85401433691756,79.0,1.2846369047619035,-0.11,0.45,0.69,0.7,0.28,0.23,0.0,39.118709677419346,153.0,0.2244816573056948,377.7500000000001,0.1,0.0,0.35,0.0,0.0,1.0,0.0,1.0,0.0,0.0,1.0,0.0,0.0,0.1,0.0,0.35,545.16,62.98181818182,3.777100086212158,66.23999786376953,-0.894415357766154,552.1666666666666,61.55028860029,-1.7291025404587268,3.7657334009806314,0.18567065238823677,550.08,64.09,3.7701001167297363,68.94000244140625
2005-10-01,332.4,729.0,1392.0,,-1.5010229158760593,-1.5632419715836423,27.622114695340503,79.0,0.5690533794162853,618.2999999999998,1062.4,2055.1,,0.1677590588105388,-0.6085734602128785,26.8968458781362,14.0,-0.8528077316948277,659.8999999999999,1281.6999999999998,2661.5,,-0.2512479075263441,-0.5014109754685926,26.65956989247312,14.0,-1.2181874679979536,489.4,795.0,1453.9,,-0.356852369707278,-1.2557346749388527,28.32390681003584,62.0,-2.3251910522273427,-0.29,0.43,0.64,0.67,0.47,0.17,0.0,0.0,255.35,0.3415234307489083,525.0000000000001,0.1,0.0,0.35,0.0,0.0,1.0,0.0,1.0,0.0,0.0,1.0,0.0,0.0,0.1,0.0,0.35,578.62,58.5219047619,3.7762999534606934,59.7599983215332,6.137647663071388,557.9533333333334,61.86457431457333,-7.081271307609505,3.774500052134196,-0.02118378473436877,545.16,62.98181818182,3.777100086212158,66.23999786376953
2005-11-01,450.5,752.4,1458.4,,-0.7358731104014714,-1.4717682807573953,26.9752688172043,53.0,-2.664913466461851,687.4999999999998,1115.7,2067.6,,0.616023382871375,-0.3414642491768678,26.753906810035843,12.0,-2.3045935739887344,827.4999999999998,1290.0,2626.3,,0.6971411058383831,-0.4684499972916078,26.332329749103945,8.0,-1.6778729518689186,780.7,1074.9,1708.7,,1.2997744806780047,-0.1280634983676127,27.430465949820785,37.0,-3.673648041474655,-0.57,0.29,0.58,0.66,0.64,0.17,-1.0,0.0,278.2,0.3290527878591434,686.5500000000002,0.1,0.0,0.35,0.0,0.0,1.0,0.0,1.0,0.0,0.0,1.0,0.0,0.0,0.1,0.0,0.35,558.93,55.535,3.7695000171661377,57.31999969482422,-3.4029241989561476,560.9033333333333,59.012907647906665,-5.103908996216733,3.7743000189463296,-0.18006875455759408,578.62,58.5219047619,3.7762999534606934,59.7599983215332
2005-12-01,543.4,813.9,1461.0,,-0.1337763402200016,-1.231743840003301,26.344551971326165,26.0,-4.337375832053251,744.3999999999999,1215.5,2101.1,,0.9846869863505516,0.1583250744707398,26.59469534050179,5.0,-1.1170075524833545,875.9999999999999,1320.4,2579.8,,0.972039119891734,-0.3483397070953076,25.948028673835125,1.0,-1.710044994879672,913.6,1238.6,1782.1,,2.05652207386988,0.5320158215490782,26.435591397849464,10.0,-5.184830837173578,-0.84,0.11,0.45,0.69,0.7,0.28,-1.0,0.0,235.8,0.0804337823484343,769.3500000000001,0.1,0.0,0.35,0.0,0.0,1.0,0.0,1.0,0.0,0.0,1.0,0.0,0.0,0.1,0.0,0.35,537.66,56.7475,3.7781999111175537,61.040000915527344,-3.805485481187265,558.4033333333333,56.934801587299994,2.1833078238948422,3.7746666272481284,0.230797026443752,558.93,55.535,3.7695000171661377,57.31999969482422
2006-01-01,570.4,902.8,1515.1,,0.0416458310213065,-0.8848160860576988,25.920896057347672,4.0,-3.033531746031745,719.9999999999998,1338.3,2255.8,,0.827046786960304,0.77316248956148,26.41297491039427,1.0,-3.0102871223758303,765.1999999999998,1425.1,2626.2,,0.3454623712780109,0.0641978482754191,25.909318996415767,2.0,-1.5665503712237605,855.5999999999999,1345.0,1929.1,,1.7275016059204318,0.9613004702197112,26.0958064516129,2.0,-3.4890512672811074,-0.85,-0.06,0.43,0.64,0.67,0.47,-1.0,0.0,213.8,0.1917178058354389,727.8000000000002,0.1,0.0,0.35,0.0,0.0,1.0,0.0,1.0,0.0,0.0,1.0,0.0,0.0,0.1,0.0,0.35,535.83,63.57428571429,3.751300096511841,61.040000915527344,-0.34036379868317423,544.14,58.61892857142999,12.030108311890375,3.7663333415985107,-0.7119743591798455,537.66,56.7475,3.7781999111175537,61.040000915527344
2006-02-01,675.3,1125.8000000000002,1733.9,,0.7207765103429125,-0.0149405260049755,25.611213517665135,1.0,-5.004004096262161,647.7999999999997,1335.3000000000002,2325.7,,0.3593059394116364,0.7581079814047897,26.58575268817204,3.0,0.0585291218637991,751.5999999999999,1579.1,2719.5,,0.2683989058635799,0.670991844668534,26.00376344086021,2.0,-0.3260108166922677,730.9,1511.6,2163.8,,1.018887517862414,1.6328973947852126,26.135330261136716,0.0,-1.396363095238094,-0.77,-0.14,0.29,0.58,0.66,0.64,-1.0,0.0,251.8,0.2321097896354052,701.4000000000001,0.1,0.0,0.35,0.0,0.0,1.0,0.0,1.0,0.0,0.0,1.0,0.0,0.0,0.1,0.0,0.35,533.27,59.923,3.7112998962402344,61.40999984741211,-0.4777634697572086,535.5866666666667,60.08159523809666,-5.743337378101721,3.7469333012898765,-1.0663023283261408,535.83,63.57428571429,3.751300096511841,61.040000915527344
2006-03-01,584.4000000000001,1127.8000000000002,1770.5,,0.1326804047698176,-0.006508067008593,25.65529953917051,2.0,0.4372286226318493,577.0999999999997,1321.5,2291.0,,-0.0988038192073467,0.6889699818548126,26.801881720430107,5.0,0.7811366487455196,648.3,1524.3000000000002,2696.3999999999996,,-0.3164681190396584,0.4551283992616134,26.415591397849465,3.0,2.0172380312339975,617.0,1530.6,2167.2,,0.3708728312841443,1.709926616946208,26.6568356374808,15.0,2.1053189324116772,-0.57,-0.11,0.11,0.45,0.69,0.7,-1.0,0.0,141.1,0.0895754273165017,606.7000000000002,0.1,0.0,0.35,0.0,0.0,1.0,0.0,1.0,0.0,0.0,1.0,0.0,0.0,0.1,0.0,0.35,540.6,62.25304347826,3.6816999912261963,66.62999725341797,1.3745382264144013,536.5666666666667,61.91677639751666,3.88839590517831,3.7147666613260903,-0.7975616587607037,533.27,59.923,3.7112998962402344,61.40999984741211
2006-04-01,506.0,1076.4,1805.4,,-0.3747839390675062,-0.2064937165334773,25.82701996927803,6.0,2.3700960061443936,513.8999999999997,1233.9,2296.3,,-0.5085329036412892,0.2504181265135147,27.11636200716846,8.0,0.6709681899641566,667.8,1433.0,2714.7000000000003,,-0.2063128327775542,0.0954907831023425,26.497526881720432,2.0,0.0321833717357904,588.0999999999999,1443.7,2238.7,,0.2059097020326413,1.3599757746690064,27.129487967229903,30.0,1.5999829109062986,-0.37,-0.29,-0.06,0.43,0.64,0.67,0.0,0.0,176.04999999999998,0.3985524697269542,568.95,0.1,0.0,0.35,0.0,0.0,1.0,0.0,1.0,0.0,0.0,1.0,0.0,0.0,0.1,0.0,0.35,540.44,70.44210526316,3.4340999126434326,71.87999725341797,-0.029596744358117988,538.1033333333334,64.20604958047333,13.154476194822173,3.6090332667032876,-6.7251562911919915,540.6,62.25304347826,3.6816999912261963,66.62999725341797
2006-05-01,333.29999999999995,1008.6,1761.0,,-1.4928846851213755,-0.4708809575609651,26.349139784946235,19.0,1.88669815668203,513.4999999999998,1161.3,2277.0,,-0.5111720415626463,-0.1131652066427675,27.14351254480287,8.0,-1.2284081541218637,651.9999999999999,1403.6,2693.6,,-0.2958833176044821,-0.0205536515404641,26.632473118279567,4.0,-0.0006338325652812,623.6999999999998,1354.6,2429.5,,0.4076964405702277,1.000926083831508,27.439318996415768,40.0,-0.8782106374807981,-0.14,-0.57,-0.14,0.29,0.58,0.66,0.0,0.0,213.475,0.4075593430730174,530.6250000000001,0.1,0.0,0.35,0.0,0.0,1.0,0.0,1.0,0.0,0.0,1.0,0.0,0.0,0.1,0.0,0.35,588.29,70.18727272727,3.6345999240875244,71.29000091552734,8.853896824809393,556.4433333333334,67.62747382289666,-0.36176166929990927,3.5834666093190513,5.838502563827697,540.44,70.44210526316,3.4340999126434326,71.87999725341797
2006-06-01,355.19999999999993,939.6,1753.5,31.83870967741933,-1.3515313294181694,-0.7399496071989207,26.524659498207885,22.0,0.1996641065028157,495.6999999999998,1072.8,2288.3,0.0,-0.6261284268334395,-0.5561204877996886,26.988817204301075,7.0,-1.1707531362007175,701.8999999999999,1350.2,2670.6,0.0,-0.0133600191066474,-0.2311068236143153,26.436057347670253,3.0,-0.8606293522785471,612.0999999999999,1229.1,2467.7,4.738709677419365,0.341777426161827,0.4951568611163459,27.443799283154124,38.0,-0.8381093830005106,-0.03,-0.84,-0.11,0.11,0.45,0.69,0.0,3.5022580645161265,151.70000000000002,0.1675870501381834,541.2250000000001,0.1,0.0,0.35,0.0,0.0,1.0,0.0,1.0,0.0,0.0,1.0,0.0,0.0,0.1,0.0,0.35,600.55,68.85772727273,3.672800064086914,73.9800033569336,2.0840061874245697,576.4266666666666,69.82903508772,-1.894282827751792,3.5804999669392905,1.0510136135266634,588.29,70.18727272727,3.6345999240875244,71.29000091552734
2006-07-01,443.4,949.4,1852.2,0.0,-0.781232447579581,-0.7021049990982875,26.664767025089606,29.0,1.5840458269329218,396.7999999999998,910.7,2249.0,21.861290322580658,-1.2664852541342215,-1.3677913659886476,27.028100358422936,7.0,0.3297038530465954,531.5999999999999,1199.4,2624.5,71.98709677419353,-0.9769924489601324,-0.8254711321190584,26.744444444444444,12.0,2.474273873527906,609.8999999999999,1198.0,2543.0,0.0,0.3291214470031876,0.3693268599890636,27.539964157706095,43.0,-0.1731577700972835,0.1,-0.85,-0.29,-0.06,0.43,0.64,0.0,-0.0,130.25,0.3532584932469053,495.4250000000001,0.1,0.0,0.35,0.0,0.0,1.0,0.0,1.0,0.0,0.0,1.0,0.0,0.0,0.1,0.0,0.35,630.01,73.89714285714,3.65310001373291,74.4000015258789,4.905503288652069,606.2833333333334,70.98071428571333,7.318591222812221,3.6535000006357827,-0.536376878954925,600.55,68.85772727273,3.672800064086914,73.9800033569336
2006-08-01,448.49999999999994,781.8,1907.6,49.47419354838709,-0.7481537902916611,-1.355602852922742,26.61637992831541,27.0,2.2765189452124908,333.5999999999998,847.0999999999999,2182.4,63.422580645161304,-1.675534571553028,-1.6860086912112933,26.966810035842297,6.0,1.6458866487455204,410.7999999999999,1062.8,2641.9,50.087096774193554,-1.660284225688846,-1.36369496987289,26.806810035842293,17.0,2.3378491423451067,439.9999999999999,1063.6999999999998,2575.2999999999997,28.18387096774194,-0.6364220278515845,-0.1717382982136646,27.641039426523296,50.0,1.3691271761392765,0.3,-0.77,-0.57,-0.14,0.29,0.58,0.0,-6.926387096774193,126.275,0.14205444761261,408.22500000000014,0.1,0.0,0.35,0.0,0.0,1.0,0.0,1.0,0.0,0.0,1.0,0.0,0.0,0.1,0.0,0.35,632.18,73.61217391304,3.6747000217437744,70.26000213623047,0.34443897715907834,620.9133333333333,72.12234801430333,-0.38562917737010594,3.6668666998545327,0.5912788571258432,630.01,73.89714285714,3.65310001373291,74.4000015258789
2006-09-01,429.5999999999999,784.8,1912.6,50.88387096774193,-0.8704268930463502,-1.3441110091332156,26.62304659498208,31.0,1.9354069380440355,351.4999999999998,847.2,2168.7,31.01612903225805,-1.559421750905733,-1.6851148168081376,26.84125448028674,4.0,1.2051957885304605,416.5999999999999,1118.5,2642.7999999999997,32.67741935483872,-1.6274714419830454,-1.144093878205822,26.80014336917563,19.0,0.2674029057859712,518.2999999999998,1130.4,2661.0,0.0,-0.1910549733797579,0.097072573185799,27.35215053763441,42.0,0.7605985023041484,0.54,-0.57,-0.84,-0.11,0.11,0.45,1.0,-5.597225806451612,172.475,0.220049202886685,429.0000000000001,0.1,0.0,0.35,0.0,0.0,1.0,0.0,1.0,0.0,0.0,1.0,0.0,0.0,0.1,0.0,0.35,602.35,62.7719047619,3.6863999366760254,62.90999984741211,-4.718592805846422,621.5133333333334,70.09374051069332,-14.726190757449842,3.67139999071757,0.31839102139006314,632.18,73.61217391304,3.6747000217437744,70.26000213623047
2006-10-01,370.7999999999999,814.2,1890.6,,-1.2507071834044523,-1.2296647291865317,26.574659498207883,31.0,1.147643497183818,418.9999999999998,815.8,2049.7000000000003,,-1.1223320483320742,-1.8422314905873856,26.79179211469534,7.0,1.869039874551973,549.8,1081.4,2514.4,,-0.8738399513468245,-1.2903392275516667,26.605519713261646,16.0,1.807080325140806,576.1999999999999,1186.1,2629.8,,0.1384248251548205,0.3215188160819715,27.04784946236559,25.0,0.5202436635944707,0.77,-0.37,-0.85,-0.29,-0.06,0.43,1.0,-0.0,180.2,0.2786736725562591,478.9500000000001,0.05,0.0,0.35,0.0,0.0,1.0,0.0,1.0,0.0,0.0,1.0,0.0,0.0,0.1,0.0,0.35,614.71,58.38,3.65339994430542,62.90999984741211,2.0519631443512987,616.4133333333334,64.92135955831333,-6.996609038006607,3.6714999675750732,-0.8951821000832916,602.35,62.7719047619,3.6863999366760254,62.90999984741211
2006-11-01,343.5999999999999,792.0999999999999,1800.7,,-1.4266001990088628,-1.3156803758922044,26.541720430107528,29.0,0.5214884792626755,571.2999999999997,904.9,2066.2,,-0.1358967818728493,-1.3959371873551818,26.55093189964158,6.0,-2.025711021505378,664.1999999999999,1075.0,2478.6,,-0.226580207437853,-1.3154320545028475,26.439318996415768,10.0,-0.870182219662059,647.8999999999999,1087.9,2442.5,,0.5465160627713256,-0.0733948633523758,26.617419354838702,8.0,-0.9480448668714808,0.94,-0.14,-0.77,-0.57,-0.14,0.29,1.0,-0.0,204.075,0.3560422073528172,556.7500000000001,0.1,0.0,0.35,0.0,0.0,1.0,0.0,1.0,0.0,0.0,1.0,0.0,0.0,0.05,0.0,0.35,675.67,58.48318181818,3.6189000606536865,63.130001068115234,9.916871370239623,630.91,59.87836219336,0.17674172350119477,3.652899980545044,-0.9443226632087853,614.71,58.38,3.65339994430542,62.90999984741211
2006-12-01,360.7999999999999,790.4,1730.0,,-1.315455548931811,-1.3223829306295878,26.607921146953405,32.0,-2.319043778801845,788.5999999999998,1140.1,2212.9,,1.2711462379488236,-0.2186037665022721,26.423655913978493,6.0,-4.4004529569892465,841.2999999999998,1257.9,2608.1,,0.7749845462301265,-0.595088112839715,26.46283154121863,9.0,-2.1013703917050695,670.0,1188.3,2417.4,,0.6722858607143559,0.3312133537840779,26.493225806451616,7.0,-2.9667545442908363,0.94,-0.03,-0.57,-0.84,-0.11,0.11,1.0,-0.0,280.9,0.3968801391422851,665.1750000000002,0.1,0.0,0.35,0.0,0.0,1.0,0.0,1.0,0.0,0.0,1.0,0.0,0.0,0.1,0.0,0.35,698.12,62.31473684211,3.3736000061035156,61.04999923706055,3.3226279100744494,662.8333333333334,59.72597288676334,6.551550214627566,3.548633337020874,-6.7783041929558525,675.67,58.48318181818,3.6189000606536865,63.130001068115234
2007-01-01,581.0,951.8,1901.2,,0.1095723549348919,-0.6931419867953412,26.27888888888889,21.0,-4.608801843317973,1017.2999999999996,1436.3000000000002,2347.0,,2.7522954572350056,1.2641117455172324,26.13010752688172,0.0,-3.2324690860215064,908.1999999999998,1458.0,2657.4,,1.1536565904317762,0.1934518176725892,26.262831541218635,4.0,-2.7962091013824892,843.8999999999999,1420.1,2618.1000000000004,,1.6610728692484995,1.2651078840757568,26.06204301075269,4.0,-4.568770673323094,0.66,0.1,-0.37,-0.85,-0.29,-0.06,1.0,-0.0,352.625,0.1446515032717068,837.6000000000001,0.1,0.0,0.35,0.0,0.0,1.0,0.0,1.0,0.0,0.0,1.0,0.0,0.0,0.1,0.0,0.35,697.33,54.29909090909,3.4925999641418457,58.13999938964844,-0.11316106113561375,690.3733333333333,58.365669856459995,-12.863162614855694,3.495033343633016,3.5273878889920285,698.12,62.31473684211,3.3736000061035156,61.04999923706055
2007-02-01,612.1,955.7,1737.5,,0.3111676539114839,-0.6776617609123715,26.047619047619047,12.0,-1.9564967357910916,908.1999999999998,1479.5,2326.6,,2.045878621526333,1.4805538509264262,26.18367895545315,1.0,0.2685063364055295,858.8999999999999,1523.1,2585.9,,0.8748633403236006,0.4500531038810562,26.24600614439324,3.0,0.8650053763440866,724.2999999999998,1372.1999999999998,2435.9,,0.981478212822544,1.0727677929636708,26.075614439324116,5.0,1.2751598182283672,0.22,0.3,-0.14,-0.77,-0.57,-0.14,0.0,-0.0,142.35000000000002,0.3073181117742279,775.8750000000001,0.1,0.0,0.35,0.0,0.0,1.0,0.0,1.0,0.0,0.0,1.0,0.0,0.0,0.1,0.0,0.35,715.04,57.757,3.5020999908447266,61.790000915527344,2.539687092194498,703.4966666666668,58.1236092504,6.36826332267586,3.4560999870300293,0.2720044322400694,697.33,54.29909090909,3.4925999641418457,58.13999938964844
2007-03-01,608.0,968.8,1753.6,,0.2849721125751,-0.6264977700396462,25.86589861751152,3.0,0.0195055683563794,710.4999999999998,1499.1,2346.3,,0.7654888091027465,1.5784512885793398,26.44281874039939,9.0,0.2702306067588313,689.9999999999999,1531.3000000000002,2649.8,,-0.0804761810648789,0.4822445086838433,26.31804915514593,3.0,1.1427741935483873,624.2999999999998,1294.3,2424.7000000000003,,0.4125501800142822,0.7588229607224545,26.528302611367128,19.0,2.114533858166918,-0.12,0.54,-0.03,-0.57,-0.84,-0.11,0.0,-0.0,163.225,0.1954740751551859,658.2000000000002,0.1,0.0,0.35,0.0,0.0,1.0,0.0,1.0,0.0,0.0,1.0,0.0,0.0,0.1,0.0,0.35,719.03,62.14363636364,3.2957000732421875,65.87000274658203,0.558010740657866,710.4666666666667,58.066575757576665,7.594986518759628,3.43013334274292,-5.893604355732696,715.04,57.757,3.5020999908447266,61.790000915527344
2007-04-01,370.69999999999993,951.7,1765.9,,-1.250826896938435,-0.6932140890486885,26.27987711213518,17.0,1.6069527009728617,591.8999999999999,1609.2000000000005,2425.0,,-0.0027307185741069,2.12951502765911,26.662101894521253,11.0,-0.7665615079365047,684.0999999999999,1592.3,2673.7,,-0.1141138157471858,0.7225276138193346,26.489841269841268,3.0,-0.2959408602150546,386.6999999999999,1230.6,2416.7000000000003,,-0.938705771652846,0.5020405236790753,27.284288274449565,37.0,1.732446044546851,-0.32,0.77,0.1,-0.37,-0.85,-0.29,0.0,-0.0,202.775,0.4366328038224602,508.35000000000014,0.1,0.0,0.35,0.0,0.0,1.0,0.0,1.0,0.0,0.0,1.0,0.0,0.0,0.1,0.0,0.35,753.7,67.39842105263,3.422499895095825,65.87000274658203,4.821773778562788,729.2566666666667,62.43301913875666,8.455869331883115,3.406766653060913,3.8474320792455163,719.03,62.14363636364,3.2957000732421875,65.87000274658203
2007-05-01,495.9999999999999,1108.1,1900.2,,-0.4408346471746841,-0.0839451175669892,26.58817204301075,32.0,0.9567914106502792,666.8999999999997,1575.1,2480.0,,0.4823030803103713,1.958395539332306,26.94939068100358,17.0,0.6023578469022031,714.8999999999999,1573.8000000000002,2648.8,,0.0597770465008986,0.6494732436008261,26.680394265232973,7.0,-1.3807204301075284,511.3999999999999,1235.7,2323.6000000000004,,-0.2307982744866498,0.5220980772505898,27.68716845878136,53.0,0.7703707757296456,-0.38,0.94,0.3,-0.14,-0.77,-0.57,0.0,-0.0,231.3,0.0711378244723934,597.3000000000002,0.1,0.0,0.35,0.0,0.0,1.0,0.0,1.0,0.0,0.0,1.0,0.0,0.0,0.1,0.0,0.35,788.7,67.47608695652,3.3970999717712402,64.01000213623047,4.643757463181641,753.8100000000001,65.67271479093,0.1152340109412453,3.3717666467030845,-0.7421453353725793,753.7,67.39842105263,3.422499895095825,65.87000274658203
2007-06-01,561.3,1169.3,1959.7,0.0,-0.018640598765312,0.154560786754474,26.711469534050178,32.0,-1.084504288274449,663.3999999999999,1373.9,2514.0000000000005,0.0,0.4593534180888651,0.950970638053594,27.108637992831543,14.0,-0.5366869559651786,724.3,1414.3,2672.2000000000003,0.0,0.1129779855269357,0.0212209480267364,26.655949820788532,6.0,-1.3759587813620089,558.0999999999999,1182.4,2370.7000000000003,0.0,0.0344718356417908,0.3069788983789072,27.73756272401434,45.0,-0.1469401561699932,-0.47,0.94,0.54,-0.03,-0.57,-0.84,0.0,-0.0,192.7,0.1024625589455092,626.7750000000001,0.1,0.0,0.35,0.0,0.0,1.0,0.0,1.0,0.0,0.0,1.0,0.0,0.0,0.1,0.0,0.35,835.55,71.31619047619,3.3691999912261963,70.68000030517578,5.940154684924548,792.6500000000001,68.73023282844667,5.691058407320604,3.3962666193644204,-0.8212881804151584,788.7,67.47608695652,3.3970999717712402,64.01000213623047
2007-07-01,618.8,989.5,1941.3,3.380645161290346,0.3538579821779749,-0.5460833211349383,26.41146953405018,19.0,-1.128929019457246,573.6999999999998,1165.6,2601.9,0.0,-0.1212730570724265,-0.0916288363614862,27.054946236559136,14.0,-0.0031493215565809,660.1999999999999,1344.3000000000002,2802.3,0.0,-0.249491981946177,-0.2546296975545776,26.622867383512546,6.0,-0.5168189964157683,546.0999999999999,932.8,2352.9,0.0,-0.0336377121471838,-0.6985365779412588,27.69125448028674,41.0,-0.6164186507936495,-0.56,0.66,0.77,0.1,-0.37,-0.85,-1.0,0.3380645161290346,175.70000000000002,0.1794390913964377,599.7000000000002,0.1,0.0,0.35,0.0,0.0,1.0,0.0,1.0,0.0,0.0,1.0,0.0,0.0,0.1,0.0,0.35,887.12,77.20409090909,3.4623000621795654,70.68000030517578,6.171982526479569,837.1233333333333,71.99878944726667,8.256050124923252,3.4095333417256675,2.7632693575867506,835.55,71.31619047619,3.3691999912261963,70.68000030517578
2007-08-01,519.0999999999999,1015.1,1970.8,19.974193548387092,-0.2907637779983042,-0.4464823442053119,26.232974910394265,15.0,0.7862053891449072,516.4999999999998,1183.4,2662.9,2.422580645161304,-0.491150179094645,-0.0026177183247702,26.81301075268817,7.0,1.7858291730670768,596.9999999999999,1311.9,2835.0,17.387096774193566,-0.6066727061228746,-0.3822733642410839,26.463727598566308,3.0,1.491648745519715,460.29999999999984,971.7,2343.9,37.18387096774194,-0.5211002985359102,-0.5423676633468829,27.655770609318996,41.0,1.7430168330773164,-0.81,0.22,0.94,0.3,-0.14,-0.77,-1.0,5.992258064516127,154.825,0.0957957842309376,523.2250000000001,0.1,0.0,0.35,0.0,0.0,1.0,0.0,1.0,0.0,0.0,1.0,0.0,0.0,0.1,0.0,0.35,921.79,70.79652173913,3.5,74.04000091552734,3.908152222923622,881.4866666666667,73.10560104147,-8.299520264418492,3.443833351135254,1.0888697439095374,887.12,77.20409090909,3.4623000621795654,70.68000030517578
2007-09-01,442.8999999999999,1004.2,1973.0,48.68387096774194,-0.7836035497321948,-0.4890315503942453,26.18519713261649,19.0,0.2768129160266284,527.9999999999998,1191.4,2690.5000000000005,3.4161290322580555,-0.4162195873203914,0.0375612863334848,26.54967741935484,6.0,1.571641001024064,576.8999999999999,1301.1999999999998,2832.5,35.17741935483872,-0.7203356803882727,-0.4243793257605842,26.454838709677414,5.0,0.0876532258064521,431.9999999999999,990.1,2284.4,20.18709677419355,-0.6817692399045218,-0.4682654718609763,27.573548387096775,50.0,0.6422704173067046,-1.07,-0.12,0.94,0.54,-0.03,-0.57,-1.0,26.289290322580648,164.425,0.1730457419296203,494.95000000000016,0.1,0.0,0.35,0.0,0.0,1.0,0.0,1.0,0.0,0.0,1.0,0.0,0.0,0.1,0.0,0.35,977.48,77.127,3.3947999477386475,81.66000366210938,6.041506199893698,928.7966666666667,75.04253754940666,8.941792768006952,3.452366669972738,-3.00571577889579,921.79,70.79652173913,3.5,74.04000091552734
2007-10-01,544.5999999999999,1163.4,2115.1,,-0.1259033288904486,0.1314467909681377,26.286272401433692,25.0,0.593630120327699,623.0999999999998,1196.8,2806.0,,0.1995786213572295,0.0647475113000374,26.486236559139787,8.0,-0.0061116871479782,612.3999999999999,1272.6,2864.8999999999996,,-0.5195138224575273,-0.536951604433401,26.423655913978493,11.0,0.7001693548387102,530.4999999999999,1076.6,2307.2,,-0.1216331497481529,-0.1197010581843736,27.290752688172045,46.0,-0.8663478622631846,-1.34,-0.32,0.66,0.77,0.1,-0.37,-1.0,0.0,258.4,0.0551358551432873,577.6500000000001,0.1,0.0,0.35,0.0,0.0,1.0,0.0,1.0,0.0,0.0,1.0,0.0,0.0,0.1,0.0,0.35,1007.69,82.85782608696,3.3306000232696533,94.52999877929688,3.0906003191881304,968.9866666666667,76.92711594203,7.430375986308313,3.408466657002767,-1.8911254111382614,977.48,77.127,3.3947999477386475,81.66000366210938
2007-11-01,568.9999999999999,1088.1,2196.2,,0.0320610162734979,-0.161662058659088,26.216630824372757,17.0,-2.3172220302099333,734.3999999999997,1250.9,2826.0000000000005,,0.9202203075129498,0.3358733102715506,26.442867383512542,9.0,-0.7709369559651851,761.3,1358.3,2932.1000000000004,,0.3229222466770911,-0.1990181756124501,26.217956989247313,12.0,-1.1746021505376376,669.6999999999998,1130.0,2365.7,,0.6700722532154114,0.0958324747516214,26.810896057347673,29.0,-1.3332304787506375,-1.5,-0.38,0.22,0.94,0.3,-0.14,-1.0,0.0,260.775,0.2221158788764898,683.6000000000001,0.1,0.0,0.35,0.0,0.0,1.0,0.0,1.0,0.0,0.0,1.0,0.0,0.0,0.1,0.0,0.35,1141.52,92.52818181818,3.3608999252319336,88.70999908447266,13.28087010886283,1042.2300000000002,84.17100263504666,11.671022748135918,3.3620999654134116,0.9097430418118835,1007.69,82.85782608696,3.3306000232696533,94.52999877929688
2007-12-01,668.7999999999998,1111.7,2281.0,,0.6779401780966728,-0.0694879785095325,26.055089605734764,12.0,-3.0892596646185364,859.3999999999997,1387.4,2761.2999999999997,,1.7298435187789465,1.0195950458893497,26.239426523297492,6.0,-1.9421896441372244,865.3,1442.2,2856.5,,0.9114601758436108,0.1316863152053577,25.988924731182795,9.0,-1.655591397849463,724.9999999999998,1157.0,2339.4,,0.985424923149906,0.2054144556208934,26.09326164874552,10.0,-3.9705315540194577,-1.6,-0.47,-0.12,0.94,0.54,-0.03,-1.0,0.0,260.45,0.1886097754072122,779.625,0.1,0.0,0.35,0.0,0.0,1.0,0.0,1.0,0.0,0.0,1.0,0.0,0.0,0.1,0.0,0.35,1187.73,91.45,3.2785000801086426,95.9800033569336,4.048111290209544,1112.3133333333335,88.94533596838001,-1.1652469517867026,3.3233333428700766,-2.4517196868813262,1141.52,92.52818181818,3.3608999252319336,88.70999908447266
2008-01-01,641.8,1186.4,2175.9,,0.5036975449719494,0.2216936474309638,25.821756272401434,5.0,-2.8866252560163836,803.9999999999998,1427.1,2592.7000000000003,,1.3712615245448043,1.2184120267941645,26.19426523297491,2.0,-0.6210606118791606,851.6999999999999,1464.1,2808.4,,0.83459338820177,0.2180090365472619,25.95774193548387,3.0,0.8063709677419375,616.4999999999998,1147.0,2079.8,,0.3692730665660427,0.1657314281819675,25.87175627240144,0.0,-1.214053059395802,-1.64,-0.56,-0.32,0.66,0.77,0.1,-1.0,0.0,207.275,0.2329038246534512,728.5000000000001,0.1,0.0,0.35,0.0,0.0,1.0,0.0,1.0,0.0,0.0,1.0,0.0,0.0,0.1,0.0,0.35,1280.2,91.92045454545,3.2293999195098877,91.75,7.78543945172725,1203.15,91.96621212120999,0.5144390874248117,3.2895999749501548,-1.4976409760260823,1187.73,91.45,3.2785000801086426,95.9800033569336
2008-02-01,802.8999999999999,1371.9,2387.0,,1.5462270184142786,0.9447389587766524,25.596737115313314,2.0,-3.1795624150290465,633.9999999999998,1368.4,2551.8,,0.2706916513193846,0.9247440118236856,26.182387838338897,1.0,1.617533030527747,647.2999999999998,1408.6,2720.5,,-0.3214871328329821,-0.0004139981757687,26.010270671116057,2.0,-0.7422905079718216,449.1999999999999,1118.9,2090.6,,-0.5817206249740201,0.0528874571106704,26.11627734519837,7.0,2.637028333951303,-1.52,-0.81,-0.38,0.22,0.94,0.3,-1.0,0.0,165.625,0.7042232080815742,633.3500000000001,0.1,0.0,0.35,0.0,0.0,1.0,0.0,1.0,0.0,0.0,1.0,0.0,0.0,0.1,0.0,0.35,1414.17,94.81666666667,3.1928000450134277,101.83999633789062,10.464771129511007,1294.0333333333335,92.72904040404,3.150780895875549,3.233566681543986,-1.1333336040342257,1280.2,91.92045454545,3.2293999195098877,91.75
2008-03-01,815.3999999999999,1484.1999999999998,2488.4,,1.6272192468089386,1.382526261387241,25.522543566926217,2.0,-0.5380329378321562,648.6999999999998,1508.1,2699.5,,0.3658815062726037,1.6241252794399348,26.170559881349647,1.0,-1.5116809108886429,662.3999999999999,1527.7000000000005,2828.9,,-0.2360178869586905,0.4689668300379113,25.965109380793475,2.0,-0.3511114200964051,552.8,1277.8,2267.9,,0.0064794470130591,0.6929877456000074,26.410901001112347,9.0,0.2592975219379596,-1.29,-1.07,-0.47,-0.12,0.94,0.54,-1.0,-0.0,296.925,0.1235068656595161,669.825,0.1,0.0,0.35,0.0,0.0,1.0,0.0,1.0,0.0,0.0,1.0,0.0,0.0,0.1,0.0,0.35,1488.74,103.2775,3.2067999839782715,101.58000183105469,5.273057694619454,1394.3700000000001,96.67154040404,8.923360871854147,3.209666649500529,0.4384846770066009,1414.17,94.81666666667,3.1928000450134277,101.83999633789062
2008-04-01,757.5999999999998,1399.4,2562.8,,1.2528221602093212,1.0520860951686104,25.80146829810901,4.0,2.6108093560746504,722.2999999999997,1526.3,2723.1,,0.8420898037197379,1.7150453115631057,26.327298232604125,3.0,0.6693352181436136,699.8,1551.5000000000002,2824.1000000000004,,-0.0245010913214276,0.5627375414076276,25.966112965022862,2.0,0.2927308738104024,613.9999999999999,1230.5,2307.1000000000004,,0.3534742644356174,0.5023098909241579,26.87928809788654,23.0,1.4114928624397507,-1.01,-1.34,-0.56,-0.32,0.66,0.77,-1.0,-0.0,235.875,0.2508938141096509,698.4250000000002,0.1,0.0,0.35,0.0,0.0,1.0,0.0,1.0,0.0,0.0,1.0,0.0,0.0,0.1,0.0,0.35,1422.23,110.18772727273,3.1586999893188477,113.45999908447266,-4.467536305869391,1441.7133333333334,102.76063131313333,6.690931977177983,3.1861000061035156,-1.499937473485713,1488.74,103.2775,3.2067999839782715,101.58000183105469
2008-05-01,587.8999999999999,1390.8,2478.8999999999996,,0.154402712189007,1.0184241275320278,26.170322580645163,11.0,1.9095674205907829,754.5999999999998,1388.6,2639.5,,1.0506198913512257,1.025537236022494,26.648136200716845,9.0,1.336206185885553,767.1999999999999,1414.5,2772.8,,0.3561966840030802,0.022758430143664,26.27627240143369,8.0,1.1233921641329871,613.6999999999999,1062.9,2192.9,,0.3511098014485708,-0.1730738486555214,27.288817204301072,34.0,1.3540520022246945,-0.84,-1.5,-0.81,-0.38,0.22,0.94,-1.0,-0.0,148.05,0.2292342450634658,680.8500000000001,0.1,0.0,0.35,0.0,0.0,1.0,0.0,1.0,0.0,0.0,1.0,0.0,0.0,0.1,0.0,0.35,1437.87,123.93619047619,3.2374000549316406,127.3499984741211,1.0996814861168547,1449.6133333333335,112.46713924964001,12.47730899234416,3.2009666760762534,2.4915334118123633,1422.23,110.18772727273,3.1586999893188477,113.45999908447266
2008-06-01,597.9999999999999,1413.4,2525.1,0.0,0.219648994151188,1.1065021064544414,26.220501792114693,11.0,0.3288935854653338,603.8999999999997,1252.6,2640.0,0.0,0.0744836335191094,0.3446038643130418,26.923405017921144,8.0,-0.2981262513904354,640.4999999999999,1302.9,2745.1,0.0,-0.3607560891704827,-0.4170087889947358,26.527132616487453,8.0,0.0270409096527011,415.89999999999986,968.7,2125.7,24.83870967741936,-0.7735106050323193,-0.5530879805708419,27.73405017921147,48.0,0.2840233283895692,-0.61,-1.6,-1.07,-0.47,-0.12,0.94,-1.0,-0.0,180.65,0.3160300805799418,564.575,0.1,0.0,0.35,0.0,0.0,1.0,0.0,1.0,0.0,0.0,1.0,0.0,0.0,0.1,0.0,0.35,1535.16,133.04857142857,3.2646000385284424,127.3499984741211,6.766258423918736,1465.0866666666668,122.39082972582999,7.352477849583905,3.22023336092631,0.8401798707381669,1437.87,123.93619047619,3.2374000549316406,127.3499984741211
2008-07-01,640.3999999999999,1398.0,2584.4,0.0,0.4942061365619016,1.04636951567225,26.0652329749104,9.0,1.0213774564330755,454.7999999999997,1177.1,2604.2,0.0,-0.8906231190122628,-0.0332934428967099,26.825806451612905,7.0,-0.0140563589173154,571.2999999999998,1271.1,2735.2,0.0,-0.752018994743634,-0.5421845750607902,26.4616129032258,7.0,-0.5916096279817094,409.0999999999999,1023.1,2170.1,0.0,-0.8118193704637405,-0.3344067439758986,27.52910394265233,41.0,-0.1813691447287126,-0.37,-1.64,-1.34,-0.56,-0.32,0.66,0.0,-0.0,190.2,0.1633573335870594,518.9000000000001,0.1,0.0,0.35,0.0,0.0,1.0,0.0,1.0,0.0,0.0,1.0,0.0,0.0,0.1,0.0,0.35,1506.98,133.87304347826,3.2527999877929688,124.08000183105469,-1.8356392818989598,1493.3366666666668,130.28593512767335,0.6196774913382885,3.2516000270843506,-0.3614547140908808,1535.16,133.04857142857,3.2646000385284424,127.3499984741211
2008-08-01,645.5999999999999,1233.5,2605.4,0.0,0.5281638785088903,0.4052549728444596,25.88673835125448,5.0,2.5262161661104905,526.4999999999998,1281.1,2649.5,0.0,-0.4259478860312418,0.4870650798458306,26.559139784946236,1.0,1.273416759362254,612.2999999999998,1379.5,2788.1,0.0,-0.5197627194267582,-0.1153213448146714,26.221827956989245,0.0,0.1906753182548506,530.3999999999999,1144.1,2263.0,0.0,-0.1220690847466213,0.152555270546094,27.20867383512545,30.0,1.3038190273143009,-0.23,-1.52,-1.5,-0.81,-0.38,0.22,0.0,-0.0,207.85,0.1090019313726364,578.7,0.1,0.0,0.35,0.0,0.0,1.0,0.0,1.0,0.0,0.0,1.0,0.0,0.0,0.1,0.0,0.35,1329.64,113.84904761905,3.3847999572753906,115.45999908447266,-11.767906674275697,1457.2600000000002,126.92355417529332,-14.957451731096072,3.3007333278656006,4.058041379051525,1506.98,133.87304347826,3.2527999877929688,124.08000183105469
2008-09-01,627.4999999999999,1225.5,2709.7000000000003,0.0,0.4107782787100903,0.3738519879108953,26.05451612903226,12.0,1.942846990483254,584.9999999999998,1188.9,2697.0,0.0,-0.0471406605387063,0.0253556379527478,26.51802867383512,5.0,1.9163370102583135,652.4999999999999,1293.0,2820.7000000000003,2.577419354838696,-0.2924384905165191,-0.4563002841107726,26.240716845878136,5.0,0.0321681497960675,542.8999999999999,958.8,2236.6,46.587096774193554,-0.0509287077939488,-0.5937574121919081,27.137562724014337,28.0,1.1258611420096436,-0.24,-1.29,-1.6,-1.07,-0.47,-0.12,0.0,-0.0,203.925,0.2554954583942138,601.9750000000001,0.1,0.0,0.35,0.0,0.0,1.0,0.0,1.0,0.0,0.0,1.0,0.0,0.0,0.1,0.0,0.35,1201.02,99.06409090909,3.4358999729156494,100.63999938964844,-9.673295027225425,1345.88,115.59539400213333,-12.986456205968366,3.3578333059946694,1.5096908616541116,1329.64,113.84904761905,3.3847999572753906,115.45999908447266
2008-10-01,662.1999999999998,1302.6,2702.0,,0.6351856278625333,0.6743732655394381,26.088924731182797,17.0,0.2528577431714254,736.4999999999998,1191.3000000000002,2717.6,,0.933627953569298,0.0374615778553006,26.54706093189964,7.0,0.2359015263873445,795.8999999999999,1367.1999999999998,2918.7000000000003,,0.5185872557807183,-0.1639760520720432,26.229964157706092,5.0,-0.9336920652576932,592.9999999999999,1002.1,2232.6,,0.2336715254943446,-0.4192781235868275,27.18164874551971,27.0,-0.1675797182054132,-0.35,-1.01,-1.64,-1.34,-0.56,-0.32,0.0,-0.0,285.125,0.1764029003902859,696.9000000000001,0.1,0.0,0.62,0.0,0.0,1.0,0.0,1.0,0.0,0.0,1.0,0.0,0.0,0.1,0.0,0.35,942.53,72.84260869565,3.556299924850464,67.80999755859375,-21.52253917503455,1157.73,95.25191574126332,-26.46920995570752,3.4589999516805015,3.5041751181320135,1201.02,99.06409090909,3.4358999729156494,100.63999938964844
2008-11-01,721.8999999999999,1367.5,2758.2999999999997,,1.0213592301047267,0.9274141341030252,26.098028673835127,16.0,-1.6939603571869988,807.1999999999998,1333.7,2722.2999999999997,,1.3911676963395048,0.7502937669953703,26.644767025089607,10.0,-0.6008413051538728,865.6999999999999,1478.0,2892.5,,0.9131920242408568,0.2725720542372545,26.328172043010753,7.0,-0.6926481584476551,662.7999999999998,1193.2,2256.1,,0.630685179925109,0.3506137480587224,26.925806451612903,21.0,-3.0116397540477067,-0.55,-0.84,-1.52,-1.5,-0.81,-0.38,-1.0,-0.0,275.34999999999997,0.0997905356241578,764.4000000000001,0.1,0.0,0.35,0.0,0.0,1.0,0.0,1.0,0.0,0.0,1.0,0.0,0.0,0.1,0.0,0.62,825.64,53.241,3.625699996948242,54.43000030517578,-12.401727265975616,989.73,75.04923320158001,-26.909536940870936,3.539299964904785,1.9514684802828253,942.53,72.84260869565,3.556299924850464,67.80999755859375
2008-12-01,732.8999999999999,1360.4,2773.7999999999997,,1.0927274111647178,0.8996983072127587,25.980071684587813,9.0,-2.578627023853665,775.7999999999998,1360.8,2613.4,,1.1879785454382614,0.8860389238786657,26.59125448028674,7.0,-1.6492929180571014,970.6999999999998,1623.2,2926.1,,1.5074102653508303,0.8446969503371364,26.0831541218638,3.0,-2.386551384254112,843.0999999999999,1386.0,2354.7000000000003,,1.6561151862293026,1.1274527593363923,26.3215770609319,7.0,-2.910241904585339,-0.73,-0.61,-1.29,-1.6,-1.07,-0.47,-1.0,-0.0,270.15,0.2193559420835705,830.625,0.1,0.0,0.35,0.0,0.0,1.0,0.0,1.0,0.0,0.0,1.0,0.0,0.0,0.1,0.0,0.35,745.55,41.58090909091,3.3968000411987305,44.599998474121094,-9.70035366503561,837.9066666666668,55.88817259552,-21.9005858437858,3.526266654332479,-6.313262430487276,825.64,53.241,3.625699996948242,54.43000030517578
2009-01-01,812.8999999999999,1475.1,2873.1,,1.6105996165744174,1.3467657917059417,25.774695340501793,4.0,-3.4595678840687167,647.2999999999997,1383.8000000000002,2560.9,,0.3563163831745526,1.0012917459188806,26.44931899641577,4.0,0.1815941787170913,893.5999999999999,1689.5,2960.6,,1.071568214953601,1.1059761183269297,25.95304659498208,3.0,-1.2229492337164771,764.9999999999998,1358.0,2381.1,,1.213264381049279,1.0153439337839698,25.73878136200717,1.0,-1.4369085712520118,-0.85,-0.37,-1.01,-1.64,-1.34,-0.56,-1.0,-0.0,234.2,0.3522391283102155,779.7,0.1,0.0,0.35,0.0,0.0,1.0,0.0,1.0,0.0,0.0,1.0,0.0,0.0,0.1,0.0,0.35,789.89,44.86,3.591200113296509,41.68000030517578,5.947287237609822,787.0266666666666,46.56063636363666,7.88604910470041,3.5379000504811606,5.723035496348339,745.55,41.58090909091,3.3968000411987305,44.599998474121094
2009-02-01,762.3999999999999,1484.3,2717.7999999999997,,1.2841073660265208,1.3827112675164144,25.671044546850993,2.0,-1.7263908090117803,490.69999999999976,1297.9,2579.0,,-0.657409704407111,0.5713838175437141,26.387096774193548,3.0,0.9571251920122884,778.7999999999998,1644.5,3024.0,,0.42241768705738,0.9287096087008962,25.88360215053763,3.0,1.3265444828469022,568.1999999999999,1231.0,2375.1000000000004,,0.0946280026764689,0.5041276070054967,25.996082949308757,9.0,2.4020229134664604,-0.79,-0.23,-0.84,-1.52,-1.5,-0.81,-1.0,-0.0,145.67499999999998,0.2834113192756201,650.025,0.1,0.0,0.35,0.0,0.0,1.0,0.0,1.0,0.0,0.0,1.0,0.0,0.0,0.1,0.0,0.35,747.64,43.2425,3.6364998817443848,41.68000030517578,-5.348846041853927,761.0266666666668,43.227803030303335,-3.6056620597414213,3.5415000120798745,1.2614103090538675,789.89,44.86,3.591200113296509,41.68000030517578
2009-03-01,726.0999999999998,1459.0,2684.5,,1.0492558336197997,1.2842468949038466,25.68932411674347,3.0,1.3975531233998986,529.0999999999998,1304.9,2493.7999999999997,,-0.408867597190833,0.6064396862772345,26.421505376344086,4.0,0.0118678955453148,707.4999999999998,1678.1999999999998,2971.2,,0.0188984894784243,1.0615130539857711,26.061021505376345,4.0,1.772600550435229,528.8,1371.9,2330.7,,-0.1299015169581053,1.0715063650824337,26.413287250384027,18.0,0.8362203020993313,-0.61,-0.24,-0.61,-1.29,-1.6,-1.07,-1.0,-0.0,243.0,0.1058624145172837,622.875,0.1,0.0,0.35,0.0,0.0,1.0,0.0,1.0,0.0,0.0,1.0,0.0,0.0,0.1,0.0,0.35,730.71,46.83909090909,3.6473000049591064,41.68000030517578,-2.264458830453153,756.08,44.98053030303,8.317259430167079,3.625,0.29699226085333486,747.64,43.2425,3.6364998817443848,41.68000030517578
2009-04-01,583.5999999999999,1396.5,2699.1,,0.1267178479311454,1.0405207794021192,26.096671786994364,9.0,1.5878147721454177,533.7999999999997,1181.1,2372.4,,-0.379090092924573,-0.0133823847453388,26.78089605734767,12.0,0.833117895545314,653.1999999999998,1546.7999999999995,2913.9999999999995,,-0.2887644821314042,0.5437336950500575,26.4218458781362,9.0,0.0227842421914985,523.5999999999999,1288.6,2290.7,,-0.1609309404741635,0.7357972724923698,27.34583205325141,40.0,2.4394219150025584,-0.33,-0.35,-0.37,-1.01,-1.64,-1.34,0.0,-0.0,184.875,0.142700381056058,573.5500000000001,0.1,0.0,0.35,0.0,0.0,1.0,0.0,1.0,0.0,0.0,1.0,0.0,0.0,0.1,0.0,0.35,809.08,50.84523809524,3.5604000091552734,51.119998931884766,10.72518509394973,762.4766666666668,46.975609668109996,8.55299944639305,3.6147332986195884,-2.3825842591966184,730.71,46.83909090909,3.6473000049591064,41.68000030517578
2009-05-01,605.7999999999998,1368.1999999999998,2735.7000000000003,,0.269661633511196,0.9299713913563112,26.46756272401434,16.0,1.8005943420378898,572.6999999999998,1063.4,2397.1,,-0.1280040661806508,-0.6028700838038386,27.193799283154124,26.0,1.0958168202764966,624.0999999999998,1402.9,2880.8999999999996,,-0.4538781910739324,-0.0233226153653454,26.760824372759856,13.0,1.5410745647721455,601.3,1169.5,2362.7,,0.279896269700116,0.2556196093911547,27.758351254480285,50.0,0.6428520225294463,0.01,-0.55,-0.23,-0.84,-1.52,-1.5,0.0,-0.0,173.1,0.1511303147541379,600.9750000000001,0.1,0.0,0.35,0.0,0.0,1.0,0.0,1.0,0.0,0.0,1.0,0.0,0.0,0.1,0.0,0.35,889.62,57.94095238095,3.4863998889923096,66.30999755859375,9.95451624066841,809.8033333333334,51.875093795093335,13.955513931154705,3.56469996770223,-2.078421524903906,809.08,50.84523809524,3.5604000091552734,51.119998931884766
2009-06-01,604.1999999999998,1330.3,2690.7,0.0,0.2589050200490477,0.782044083821347,26.693906810035845,22.0,1.9042950588837684,453.49999999999983,982.6,2343.3999999999996,15.719354838709664,-0.9002306636242807,-1.0076554878614763,27.478458781362008,30.0,0.4465542754736304,501.6999999999998,1209.2,2832.4,42.28387096774193,-1.1466302334729357,-0.7867695364408278,27.082867383512543,21.0,1.867181195596519,482.99999999999994,1011.8,2397.8,0.0,-0.393058878545583,-0.3801818974508038,28.23426523297491,65.0,1.906319764464925,0.28,-0.73,-0.24,-0.61,-1.29,-1.6,0.0,-0.0,152.625,0.2536624518507449,510.6000000000001,0.1,0.0,0.35,0.0,0.0,1.0,0.0,1.0,0.0,0.0,1.0,0.0,0.0,0.1,0.0,0.35,892.92,68.61681818182,3.5074000358581543,69.88999938964844,0.3709448978215457,863.8733333333334,59.13433621933666,18.425423404638465,3.518066644668579,0.6023447548902494,889.62,57.94095238095,3.4863998889923096,66.30999755859375
2009-07-01,573.4999999999999,1157.1,2632.2,2.5806451612903345,0.0604877603593714,0.1069040524131741,26.596236559139783,18.0,1.3319455965181746,348.0999999999998,881.9000000000001,2265.7,47.46129032258065,-1.5826007046204258,-1.5120812224302478,27.480358422939062,26.0,0.74320481310804,389.9999999999998,1043.1999999999998,2732.7,51.48709677419353,-1.7783055583541736,-1.4409278360955835,27.049999999999997,18.0,2.0710736687147993,449.19999999999993,972.8,2330.8,5.661290322580641,-0.5849611389064552,-0.5381125068578005,28.141505376344085,58.0,0.0794810547875073,0.45,-0.85,-0.35,-0.37,-1.01,-1.64,0.0,-0.9548387096774238,114.475,0.3240755726955635,440.2000000000001,0.1,0.0,0.35,0.0,0.0,1.0,0.0,1.0,0.0,0.0,1.0,0.0,0.0,0.1,0.0,0.35,846.3,64.91,3.5250000953674316,69.44999694824219,-5.2210724365004735,876.2800000000001,63.82259018759,-5.402200626671028,3.5062666734059653,0.5017978938627543,892.92,68.61681818182,3.5074000358581543,69.88999938964844
2009-08-01,530.3,1136.1,2620.3999999999996,10.774193548387103,-0.2191889764744378,0.0245511758067244,26.718817204301075,31.0,3.0792036610343025,355.89999999999975,928.6,2226.5,0.0,-1.5316073903014111,-1.278586989907646,27.210465949820787,17.0,0.5171295442908388,372.89999999999986,997.0,2641.5,55.68709677419355,-1.875002083447223,-1.6232533498840611,27.041397849462367,22.0,2.539218830005119,437.9999999999999,1039.3,2270.2999999999997,4.783870967741933,-0.6483580157452836,-0.2707310314401558,27.993118279569895,57.0,1.097733742959548,0.58,-0.79,-0.55,-0.23,-0.84,-1.52,1.0,-2.478064516129034,157.17499999999998,0.1183877368300499,424.275,0.1,0.0,0.35,0.0,0.0,1.0,0.0,1.0,0.0,0.0,1.0,0.0,0.0,0.1,0.0,0.35,903.15,72.50476190476,3.5216000080108643,69.95999908447266,6.7174760723147875,880.7900000000001,68.67719336219334,11.700449706917283,3.51800004641215,-0.09645637630012471,846.3,64.91,3.5250000953674316,69.44999694824219
2009-09-01,424.29999999999984,1028.5,2487.4999999999995,77.28387096774193,-0.9052436883387108,-0.3951312530913815,26.915483870967744,46.0,3.1663658474142373,453.7999999999998,907.3,2212.2000000000003,0.0,-0.8976762990106132,-1.3854834196894918,27.144910394265235,18.0,1.4351680747567848,345.89999999999986,847.6,2525.7999999999997,118.2774193548387,-2.0279469001793786,-2.2121994425315976,27.19362007168459,31.0,3.334894457245266,406.1,889.1,2261.0,55.88709677419355,-0.829506524371254,-0.8758003005573828,27.926451612903225,52.0,1.1938233486943162,0.71,-0.61,-0.73,-0.24,-0.61,-1.29,1.0,-18.548129032258064,135.875,0.3962276560371937,407.525,0.1,0.0,0.35,0.0,0.0,1.0,0.0,1.0,0.0,0.0,1.0,0.0,0.0,0.1,0.0,0.35,858.18,67.68681818182,3.452699899673462,70.61000061035156,-4.979239329015117,869.21,68.36719336219333,-6.645003164438634,3.4997666676839194,-1.9565001187150655,903.15,72.50476190476,3.5216000080108643,69.95999908447266
2009-10-01,542.4999999999999,1116.0,2512.5,,-0.1406363090836721,-0.0541206581703142,26.920860215053764,56.0,1.0663228366615485,622.1999999999998,970.3,2151.4,,0.1926957804433866,-1.070115534874337,27.068566308243728,20.0,0.7613992575524833,631.6999999999998,1021.7,2568.5,,-0.4115421333944566,-1.5264305989296625,27.16673835125448,33.0,0.6116525217613926,470.4,919.6,2208.2,,-0.4641210169506422,-0.7529002512975629,27.90817204301075,58.0,-0.1586605222734221,1.01,-0.33,-0.85,-0.35,-0.37,-1.01,1.0,-0.0,273.65,0.3204686171793554,566.7,0.1,0.0,0.35,0.0,0.0,1.0,0.0,1.0,0.0,0.0,1.0,0.0,0.0,0.1,0.0,0.35,897.0,73.19409090909,3.4096999168395996,77.0,4.523526532895206,886.11,71.12855699855668,8.136403623636701,3.4613332748413086,-1.2454016880508179,858.18,67.68681818182,3.452699899673462,70.61000061035156
2009-11-01,609.9999999999999,1140.3,2508.5,,0.2965884580019965,0.0407689304471478,26.6010394265233,37.0,-1.717578597030208,784.1999999999998,1140.1,2203.5,,1.2418062030335415,-0.2197830465916122,26.896666666666665,16.0,-1.985022785458268,808.9999999999999,1181.9,2584.7999999999997,,0.5918134643100025,-0.8950302189796694,26.772473118279574,24.0,-2.9572390552995387,674.9,1112.9,2282.4,,0.6987858833138237,0.0260212776160817,27.327849462365588,43.0,-4.386041346646188,1.36,0.01,-0.79,-0.55,-0.23,-0.84,1.0,-0.0,310.0,0.1888229602075419,719.5250000000001,0.1,0.0,0.62,0.0,0.0,1.0,0.0,1.0,0.0,0.0,1.0,0.0,0.0,0.1,0.0,0.35,932.38,77.03666666667,3.383699893951416,77.0,3.9442586399108137,895.8533333333334,72.63919191919332,5.2498442290275005,3.4153665701548257,-0.7625311177613114,897.0,73.19409090909,3.4096999168395996,77.0
2009-12-01,663.1999999999998,1087.5,2417.8,,0.6415274028938689,-0.1646816533982773,26.159749103942655,14.0,-3.0826001024065555,916.7999999999996,1370.6,2353.2000000000003,,2.100862554292346,0.9342315107672504,26.567885304659494,9.0,-3.932463645673319,1089.9,1435.8000000000002,2645.0,,2.18132237358076,0.1053977712668321,26.231541218637997,5.0,-3.4852928187403975,787.8,1193.9,2205.7,,1.3413234214008782,0.3528812794304407,26.68204301075269,24.0,-2.8811004864311336,1.56,0.28,-0.61,-0.73,-0.24,-0.61,1.0,-0.0,280.775,0.3848720956161011,864.425,0.1,0.0,0.35,0.0,0.0,1.0,0.0,1.0,0.0,0.0,1.0,0.0,0.0,0.1,0.0,0.62,939.91,74.66954545455,3.3856000900268555,79.36000061035156,0.8076106308586573,923.0966666666667,74.96676767677,-3.0727201922719383,3.3929999669392905,0.05615734654353943,932.38,77.03666666667,3.383699893951416,77.0
2010-01-01,745.8999999999999,1288.4,2445.5,,1.1769384998048815,0.6183063547748089,25.914587813620074,1.0,-4.190879672299028,913.0999999999996,1535.3,2417.2,,2.0772047934438382,1.7587554264618572,26.404444444444447,3.0,-1.045635688684076,923.6999999999998,1555.4,2598.6,,1.241527140900177,0.57659089094829,26.129390681003585,1.0,-1.3156960445468506,757.4,1227.8,2200.6,,1.1694279486929806,0.4899546579872076,26.15731182795699,3.0,-0.8791918842805941,1.5,0.45,-0.33,-0.85,-0.35,-0.37,1.0,-0.0,244.24999999999997,0.344967667149768,835.025,0.1,0.0,0.35,0.0,0.0,1.0,0.0,1.0,0.0,0.0,1.0,0.0,0.0,0.1,0.0,0.35,920.55,76.373,3.4084999561309814,72.88999938964844,-2.059771680267264,930.9466666666667,76.02640404040666,2.2813243807501937,3.3925999800364175,0.6763901670366668,939.91,74.66954545455,3.3856000900268555,79.36000061035156
2010-02-01,571.4999999999999,1181.5,2317.6,,0.0486548237902458,0.2020885482184622,25.98022273425499,1.0,1.3804096902201763,746.0999999999997,1530.3,2458.8999999999996,,0.9954738662637164,1.733541190834446,26.713095238095235,1.0,0.8685492191500259,853.8,1662.8,2659.8,,0.8457949789128132,0.9997418633124368,26.388517665130568,2.0,0.0229377880184351,436.7999999999999,1111.6999999999998,2151.0,,-0.6532854120674723,0.0225305817651386,26.811597542242705,13.0,3.103781426011267,1.22,0.58,0.01,-0.79,-0.55,-0.23,1.0,-0.0,127.02500000000002,0.7062426618252666,652.0500000000001,0.1,0.0,0.35,0.0,0.0,1.0,0.0,1.0,0.0,0.0,1.0,0.0,0.0,0.1,0.0,0.35,909.19,74.312,3.3313000202178955,79.66000366210938,-1.2340448644831747,923.2166666666667,75.11818181818334,-2.698597671952141,3.3751333554585776,-2.264924069434826,920.55,76.373,3.4084999561309814,72.88999938964844
2010-03-01,546.5,1209.7,2238.2,,-0.113901345821135,0.3119358531299286,26.44258832565284,18.0,2.4440771249359976,624.1999999999998,1541.0,2448.3,,0.2057092077762481,1.7871006648683352,27.031374807987714,4.0,-0.6411858038914477,752.5999999999999,1842.5,2690.1000000000004,,0.2731043687619135,1.707857493320091,26.608947772657448,5.0,-0.8181067588325668,388.9,1176.7,2065.8,,-0.9269443642284352,0.2838537766532171,27.734178187403995,38.0,2.5624142985151046,0.84,0.71,0.28,-0.61,-0.73,-0.24,1.0,-0.0,206.77500000000003,0.3266119914310535,578.0500000000001,0.1,0.0,0.35,0.0,0.0,1.0,0.0,1.0,0.0,0.0,1.0,0.0,0.0,0.1,0.0,0.35,911.07,79.2747826087,3.2599000930786133,83.76000213623047,0.20677746125672414,913.6033333333335,76.65326086956667,6.678305803504148,3.33323335647583,-2.1433052173611244,909.19,74.312,3.3313000202178955,79.66000366210938
2010-04-01,340.79999999999995,1086.7,2202.7,,-1.445447323222031,-0.1675681506518375,26.945599078341015,33.0,1.3123970174091149,660.2999999999997,1573.4,2543.7000000000003,,0.4388012824121846,1.948984308382723,27.37259344598054,12.0,-0.2855030081925243,760.5999999999999,1684.3,2706.0,,0.3178249839095676,1.0845245662407776,26.9397363031234,11.0,1.0227866103430614,474.69999999999993,1232.1,2151.7,,-0.4405348473352306,0.5066637146639397,28.425504352278548,54.0,1.793476126472093,0.35,1.01,0.45,-0.33,-0.85,-0.35,0.0,-0.0,225.3,0.2219804638781228,559.1000000000001,0.1,0.0,0.35,0.0,0.0,1.0,0.0,1.0,0.0,0.0,1.0,0.0,0.0,0.1,0.0,0.35,902.83,84.97857142857,3.1837000846862793,86.1500015258789,-0.9044310535963218,907.6966666666667,79.52178467909,7.194959900456488,3.2583000659942627,-2.33749520588441,911.07,79.2747826087,3.2599000930786133,83.76000213623047
2010-05-01,461.49999999999994,1033.0,2173.3,,-0.6652205447082338,-0.3771993073633945,27.25569892473118,49.0,0.6220905657962099,707.1999999999997,1453.3000000000002,2593.4,,0.7419639960860513,1.347184837953989,27.627240143369175,28.0,-0.0160997823860746,776.9,1630.6999999999998,2812.6000000000004,,0.4097010926325365,0.8729182047352849,27.134014336917563,16.0,-0.7489391961085516,599.3999999999999,1036.1999999999998,2149.1,,0.2676031310001192,-0.2829305068268382,28.677347670250896,66.0,1.1912556963645642,-0.17,1.36,0.58,0.01,-0.79,-0.55,0.0,0.0,204.175,0.1781969578653405,636.2500000000001,0.1,0.0,0.35,0.0,0.0,1.0,0.0,1.0,0.0,0.0,1.0,0.0,0.0,0.1,0.0,0.35,859.49,76.25095238095,3.2553000450134277,73.97000122070312,-4.800460773346038,891.1300000000001,80.16810213940666,-10.270376285339344,3.232966740926107,2.2489543117313993,902.83,84.97857142857,3.1837000846862793,86.1500015258789
2010-06-01,479.2999999999999,1025.8,2113.2999999999997,31.138709677419342,-0.5497857241491787,-0.4055800203404276,27.096845878136197,43.0,-0.4055832693292345,667.3999999999997,1291.6,2662.2000000000003,0.0,0.48412025431661,0.5374289687128196,27.72329749103943,29.0,-0.8083668074756787,726.8999999999999,1479.5,2915.2999999999997,0.0,0.1268777102017691,0.2771354278500704,27.162293906810035,16.0,-1.8757985151049663,624.0,1012.9,2206.8,0.0,0.4076782232036113,-0.3775647913894074,28.49724014336918,59.0,0.1172162698412684,-0.66,1.56,0.71,0.28,-0.61,-0.73,-1.0,8.718838709677417,194.925,0.1955055118938133,624.4000000000001,0.1,0.0,0.35,0.0,0.0,1.0,0.0,1.0,0.0,0.0,1.0,0.0,0.0,0.1,0.0,0.35,860.28,74.83818181818,3.250499963760376,75.62999725341797,0.09191497283271843,874.2000000000002,78.68923520923335,-1.8527907110088115,3.2298333644866943,-0.14745434174047167,859.49,76.25095238095,3.2553000450134277,73.97000122070312
2010-07-01,537.4,878.2,2166.6,0.0,-0.1732128352409148,-0.9807506737783094,26.69060931899641,29.0,-1.5646424091141853,576.3999999999997,1236.7,2772.0000000000005,0.0,-0.1045029877762612,0.2626187920515629,27.440143369175622,22.0,-1.5367377752176168,725.0999999999999,1485.6999999999998,3041.1000000000004,0.0,0.1172873461073149,0.3016002509933944,26.78956989247311,10.0,-1.9990458269329228,579.0999999999999,1053.8,2281.6,0.0,0.153096594715593,-0.213331879061071,28.16290322580645,53.0,-2.1797568484382968,-1.05,1.5,1.01,0.45,-0.33,-0.85,-1.0,0.0,205.4,0.1116982837975253,604.5,0.1,0.0,0.35,0.0,0.0,1.0,0.0,1.0,0.0,0.0,1.0,0.0,0.0,0.1,0.0,0.35,910.82,74.73545454545,3.1849000453948975,78.94999694824219,5.874831450225515,876.8633333333333,75.27486291486,-0.1372658584619102,3.230233351389567,-2.0181485647392083,860.28,74.83818181818,3.250499963760376,75.62999725341797
2010-08-01,562.5999999999999,1024.1,2205.6,0.0,-0.0096963866172722,-0.4123436525008673,26.41426523297491,20.0,0.7183683435739852,554.1999999999997,1261.4,2791.7,0.0,-0.2475021760846177,0.386418252490477,27.046594982078854,13.0,1.0306546979006637,740.9999999999999,1517.9,3180.7000000000003,0.0,0.2077317424605275,0.4285688543585034,26.4616129032258,7.0,-0.2673791602662554,600.6999999999999,1200.1,2311.7999999999997,0.0,0.2765632232545861,0.3757984772225821,27.713440860215055,41.0,0.0812915386584727,-1.35,1.22,1.36,0.58,0.01,-0.79,-1.0,0.0,214.3,0.1724953332399311,614.625,0.1,0.0,0.35,0.0,0.0,1.0,0.0,1.0,0.0,0.0,1.0,0.0,0.0,0.1,0.0,0.35,997.62,76.69318181818,3.15120005607605,78.94999694824219,9.529874179310948,922.9066666666668,75.42227272727,2.619542872438707,3.195533355077108,-1.0581176438354767,910.82,74.73545454545,3.1849000453948975,78.94999694824219
2010-09-01,570.5999999999999,1049.9,2259.6000000000004,23.283870967741933,0.0423312358907498,-0.3114827131028484,26.260931899641577,17.0,1.0810735407066012,623.4999999999998,1290.9,2831.9,0.0,0.2015440175305302,0.5342094572549609,26.8310394265233,11.0,0.3358867767537123,795.0999999999999,1522.0,3364.5,0.0,0.5140900312716785,0.4449586410816,26.212724014336917,6.0,-1.1993469022017411,599.6999999999999,1223.6999999999998,2400.4,0.0,0.27141540371847,0.4713844703277453,27.384551971326164,36.0,0.5943372375832041,-1.56,0.84,1.56,0.71,0.28,-0.61,-1.0,16.531548387096773,227.525,0.263329124892468,647.225,0.1,0.0,0.35,0.0,0.0,1.0,0.0,1.0,0.0,0.0,1.0,0.0,0.0,0.1,0.0,0.35,1035.26,77.78681818182,3.0796000957489014,79.97000122070312,3.7729796916661673,981.2333333333335,76.40515151515,1.425989035417441,3.138566732406616,-2.272148992543066,997.62,76.69318181818,3.15120005607605,78.94999694824219
2010-10-01,538.1999999999999,1075.6,2162.2999999999997,,-0.1676393905160542,-0.211139851778402,26.472759856630827,26.0,0.4982240783410141,587.6999999999998,1164.1,2737.5,,-0.0306981957132612,-0.1002839471060379,27.089103942652333,22.0,1.8031072068612417,823.5999999999999,1548.7,3233.0,,0.6750439783177011,0.550368741386386,26.358960573476704,12.0,0.6528036354326634,506.9,1086.0,2318.1,,-0.2563054324926334,-0.0828189647422253,27.647992831541217,46.0,0.1049501408090129,-1.64,0.35,1.5,1.01,0.45,-0.33,-1.0,0.0,172.27499999999998,0.3883863630473249,614.1,0.1,0.0,0.35,0.0,0.0,1.0,0.0,1.0,0.0,0.0,1.0,0.0,0.0,0.1,0.0,0.35,1146.75,82.9180952381,3.1005001068115234,81.43000030517578,10.769275351119534,1059.8766666666668,79.1326984127,6.596589468778724,3.1104334195454917,0.6786599042996722,1035.26,77.78681818182,3.0796000957489014,79.97000122070312
2010-11-01,547.1999999999999,1109.8,2142.8,,-0.1092473170721389,-0.0774865884780751,26.376702508960577,19.0,-1.5847723374295946,717.1999999999997,1271.4,2724.7000000000003,,0.8078967328997135,0.4373813992129577,26.977132616487456,17.0,-1.1746302483358946,889.2999999999998,1630.3000000000002,3261.0,,1.0467664857632637,0.8722233033424741,26.262401433691753,10.0,-0.1531103430619556,653.5,1254.2,2290.4,,0.5772388261502969,0.5951524657575737,27.30021505376344,33.0,-3.0160525473630297,-1.64,-0.17,1.22,1.36,0.58,0.01,-1.0,0.0,302.0,0.2012669474477378,701.8,0.1,0.0,0.35,0.0,0.0,1.0,0.0,1.0,0.0,0.0,1.0,0.0,0.0,0.1,0.0,0.35,1231.69,85.67,3.1751999855041504,84.11000061035156,7.407019838674511,1137.9,82.12497113997334,3.318822934846599,3.118433396021525,2.4092848288738367,1146.75,82.9180952381,3.1005001068115234,81.43000030517578
2010-12-01,609.4,1180.0,2205.7999999999997,,0.2934255394594143,0.1963749211279383,26.202867383512544,12.0,-3.1560250256016413,615.0999999999997,1238.6,2530.2,,0.1471158896383416,0.2737196958219717,26.85469534050179,15.0,-0.820200140809014,789.6999999999998,1584.8,3064.3,,0.4835886815400863,0.6933733425267986,26.18731182795699,8.0,-0.4777985151049684,700.8,1300.5,2313.4,,0.8469767956544143,0.782595017219229,26.682329749103943,20.0,-4.871353622631849,-1.54,-0.66,0.84,1.56,0.71,0.28,-1.0,0.0,204.475,0.2025513803354341,678.75,0.1,0.0,0.35,0.0,0.0,1.0,0.0,1.0,0.0,0.0,1.0,0.0,0.0,0.1,0.0,0.35,1324.72,91.79652173913,3.0223000049591064,91.37999725341797,7.55303688428095,1234.386666666667,86.79487232574333,7.151303535811837,3.0993333657582602,-4.815444105665268,1231.69,85.67,3.1751999855041504,84.11000061035156
2011-01-01,750.5,1288.6999999999998,2166.9,,1.2069137999237278,0.6200964920934982,25.791039426523295,4.0,-5.459949756784438,765.3999999999997,1353.1,2589.8,,1.1213106104683932,0.8472168132265668,26.221362007168455,3.0,-2.50968938812084,809.9999999999998,1633.6,3119.3,,0.598827778985096,0.8857150931353266,25.912043010752686,2.0,-0.6051641065028193,975.8,1482.7,2536.5,,2.411031601709182,1.5167609848388677,25.74362007168459,0.0,-4.673315988223246,-1.31,-1.05,0.35,1.5,1.01,0.45,-1.0,0.0,318.95,0.1372946966216847,825.4250000000001,0.1,0.0,0.35,0.0,0.0,1.0,0.0,1.0,0.0,0.0,1.0,0.0,0.0,0.1,0.0,0.35,1365.73,96.29428571429,3.059299945831299,92.19000244140625,3.0957485355395775,1307.38,91.25360248447333,4.8997106752496355,3.085599978764852,1.22423124148765,1324.72,91.79652173913,3.0223000049591064,91.37999725341797
2011-02-01,757.6999999999999,1304.9,2329.0,,1.2539352331429074,0.6835859833044943,25.540245775729648,3.0,-2.7780833973374275,526.5999999999998,1243.8,2505.2000000000003,,-0.4248145591413614,0.3003266153508531,26.28652073732719,6.0,2.340897209421401,601.3,1490.6,3008.5,,-0.5816139072101264,0.3225203795318453,25.991090629800308,0.0,1.12778616231439,698.0999999999999,1351.6,2551.7,,0.8331090285925172,0.989424005232644,25.75449308755761,0.0,2.638888312852025,-1.04,-1.35,-0.17,1.22,1.36,0.58,-1.0,0.0,122.5,0.5682011872512004,645.9250000000001,0.1,0.0,0.35,0.0,0.0,1.0,0.0,1.0,0.0,0.0,1.0,0.0,0.0,0.1,0.0,0.35,1359.86,103.9555,3.0415000915527344,96.97000122070312,-0.4298067700057917,1350.1033333333332,97.34876915114,7.956042488794424,3.0410333474477134,-0.5818276924045684,1365.73,96.29428571429,3.059299945831299,92.19000244140625
2011-03-01,1012.7,1622.1,2672.0,,2.9036805036006,1.9197367078149523,25.432718894009216,3.0,-2.325237775217614,592.9999999999998,1208.1,2499.0,,0.0048613629685129,0.1216925319786207,26.398348694316436,11.0,0.8835738607270862,595.0999999999999,1384.8,2906.7999999999997,,-0.6169712097645046,-0.0943014504690004,26.178187403993856,3.0,1.7214343958013316,733.6,1434.4,2658.1,,1.0344807035644503,1.3231703438225872,25.972772657450076,1.0,-0.1085387224782366,-0.8,-1.56,-0.66,0.84,1.56,0.71,-1.0,0.0,292.15,0.4365850785850393,733.6,0.1,0.0,0.35,0.0,0.0,1.0,0.0,1.0,0.0,0.0,1.0,0.0,0.0,0.1,0.0,0.35,1306.53,114.44130434783,3.029099941253662,106.72000122070312,-3.9217272366272926,1344.04,104.89703002070667,10.086820175777135,3.043299992879232,-0.40769850158846044,1359.86,103.9555,3.0415000915527344,96.97000122070312
2011-04-01,926.3,1676.8,2752.3999999999996,,2.3443612770007705,2.1330491425735456,25.66451100870456,2.0,0.0453607910906299,580.0999999999997,1345.5,2509.6,,-0.0794304747704336,0.8095488745403481,26.831216077828984,15.0,-0.0418840245775733,495.6999999999999,1305.6999999999998,2854.4,,-1.1795534493128172,-0.4058326957015817,26.445499231950844,4.0,1.9866503456221205,501.0,1476.8,2562.7999999999997,,-0.2882480800689609,1.4941319815941456,26.660156169994877,4.0,2.461529377880183,-0.62,-1.64,-1.05,0.35,1.5,1.01,-1.0,0.0,211.125,0.2762041399294256,625.7750000000001,0.1,0.0,0.35,0.0,0.0,1.0,0.0,1.0,0.0,0.0,1.0,0.0,0.0,0.1,0.0,0.35,1310.45,123.07,2.9602999687194824,113.93000030517578,0.30003138083321,1325.6133333333335,113.82226811594334,7.539843853880024,3.0103000005086265,-2.2713008440951366,1306.53,114.44130434783,3.029099941253662,106.72000122070312
2011-05-01,943.6,1701.3,2811.1,,2.455496709526856,2.228305426664209,26.09845878136201,7.0,0.7095865975422448,659.4999999999998,1186.1,2457.5,,0.4341765271451004,0.0114571007597122,27.068351254480287,18.0,0.9082396313364072,586.0999999999999,1187.4,2817.7,,-0.6686183761245921,-0.8720793176143691,26.653333333333332,10.0,1.05258582949309,631.6,1329.6999999999998,2583.9,,0.4533082890834146,0.9016283859526414,26.985232974910392,14.0,1.2335508832565305,-0.46,-1.64,-1.35,-0.17,1.22,1.36,0.0,-0.0,201.925,0.1652053693805034,705.2,0.1,0.0,0.35,0.0,0.0,1.0,0.0,1.0,0.0,0.0,1.0,0.0,0.0,0.1,0.0,0.35,1296.03,114.45818181818,2.9965999126434326,113.93000030517578,-1.1003853638063332,1304.3366666666668,117.32316205533665,-6.997495881872107,2.995333274205526,1.2262251902685373,1310.45,123.07,2.9602999687194824,113.93000030517578
2011-06-01,656.0,1668.6999999999998,2848.7,0.0,0.5943075982933297,2.10095493529443,26.517598566308248,18.0,1.81683838965694,581.2999999999997,1174.3,2412.9,0.0,-0.0725080931014326,-0.0480672838132723,27.29451612903226,19.0,0.401358806963648,588.9999999999999,1184.1,2768.9,0.0,-0.6524457804446697,-0.8854396109988178,26.79799283154122,11.0,0.9900222094214044,505.5,1239.1,2539.6,0.0,-0.2638412876270609,0.5362378908752408,27.38928315412186,19.0,0.5700007040450572,-0.37,-1.54,-1.56,-0.66,0.84,1.56,0.0,-0.0,169.9,0.1297000064771722,582.9500000000002,0.1,0.0,0.35,0.0,0.0,1.0,0.0,1.0,0.0,0.0,1.0,0.0,0.0,0.1,0.0,0.35,1319.38,113.75772727273,2.960200071334839,95.41999816894531,1.8016558258682425,1308.6200000000001,117.09530303030333,-0.6119742025630703,2.9723666508992515,-1.2147047443675563,1296.03,114.45818181818,2.9965999126434326,113.93000030517578
2011-07-01,571.0999999999999,1497.4,2786.1,11.880645161290346,0.0447737290792332,1.433103906431815,26.70086021505376,25.0,2.9413222606246805,380.9999999999998,961.1,2314.2,36.36129032258066,-1.3695192977773352,-1.1157546424883344,27.43476702508961,21.0,1.6419233230926835,521.9999999999999,1017.7,2651.2999999999997,43.28709677419353,-1.0314393873851366,-1.541156147880103,26.84250896057348,11.0,2.0167748975934465,465.1,966.1,2448.7999999999997,21.66129032258064,-0.4935987204796379,-0.5635837674985823,27.51480286738351,33.0,1.0523985535074267,-0.43,-1.31,-1.64,-1.05,0.35,1.5,0.0,-12.474677419354864,112.975,0.2522090544798737,484.8000000000001,0.1,0.0,0.35,0.0,0.0,1.0,0.0,1.0,0.0,0.0,1.0,0.0,0.0,0.1,0.0,0.35,1337.36,116.46,2.968400001525879,95.69999694824219,1.3627612969728142,1317.5900000000001,114.89196969696998,2.375463005507661,2.975066661834717,0.2770059453225615,1319.38,113.75772727273,2.960200071334839,95.41999816894531
2011-08-01,566.9,1510.5,2815.3999999999996,0.0,0.0177579691513174,1.4837683362867342,26.61591397849462,29.0,2.5940910778289847,345.9999999999998,1005.5,2249.3,41.5225806451613,-1.595706180693067,-0.8935913529986653,27.21326164874552,16.0,1.5898265488991328,449.8999999999999,1036.0,2526.6,40.78709677419354,-1.439136057163563,-1.4692605819419282,26.798422939068104,12.0,1.83362973630312,482.4,1114.0,2465.6,0.0,-0.3951212094137671,0.0315181054977681,27.40405017921147,37.0,1.2748447900665667,-0.58,-1.04,-1.64,-1.35,-0.17,1.22,-1.0,-0.0,178.425,0.2953047185994969,461.3000000000001,0.1,0.0,0.35,0.0,0.0,1.0,0.0,1.0,0.0,0.0,1.0,0.0,0.0,0.1,0.0,0.35,1328.39,110.08130434783,2.9872000217437744,88.80999755859375,-0.6707244122749145,1328.3766666666668,113.43301054018667,-5.477155806431389,2.971933364868164,0.6333385058695518,1337.36,116.46,2.968400001525879,95.69999694824219
2011-09-01,543.8,1199.8,2821.9,16.783870967741933,-0.1315757641445368,0.2728507175870807,26.56258064516129,26.0,2.0301448412698413,407.69999999999976,989.0,2197.1,0.0,-1.1958205934271429,-0.9761423747011656,26.974372759856625,14.0,1.3999036098310285,509.6999999999999,1098.7,2483.5,0.0,-1.100881810309246,-1.2224365553582248,26.766200716845876,17.0,0.7679630696364583,507.4,1012.9,2447.3,0.0,-0.2529343266136343,-0.375800437368832,27.319605734767027,36.0,0.9492085893497162,-0.79,-0.8,-1.54,-1.56,-0.66,0.84,-1.0,-26.182838709677416,200.75,0.1841519307827388,492.1500000000001,0.1,0.0,0.35,0.0,0.0,1.0,0.0,1.0,0.0,0.0,1.0,0.0,0.0,0.1,0.0,0.35,1307.85,110.87909090909,3.2039999961853027,79.19999694824219,-1.546232657577984,1324.5333333333335,112.47346508564,0.7247248440472642,3.0532000064849854,7.257631657185493,1328.39,110.08130434783,2.9872000217437744,88.80999755859375
2011-10-01,630.0,1201.1,2877.8999999999996,,0.4263052179395663,0.277878099428112,26.414193548387093,23.0,1.9334405401945745,603.9999999999998,985.0,2330.5,,0.0755793002870521,-0.9959388075716132,26.67652329749104,9.0,-1.3013329493087546,725.5999999999999,1247.6,2553.3,,0.1204621650526366,-0.6358209699205757,26.5715770609319,19.0,-1.596348758320529,611.2,1076.3,2553.1000000000004,,0.3374059220449289,-0.1203541820336422,26.980896057347667,23.0,-0.4974795826932929,-0.96,-0.62,-1.31,-1.64,-1.05,0.35,-1.0,-0.0,263.525,0.2002860684665679,642.7,0.1,0.0,0.35,0.0,0.0,1.0,0.0,1.0,0.0,0.0,1.0,0.0,0.0,0.1,0.0,0.35,1223.1,109.46857142857,3.0806000232696533,93.19000244140625,-6.480100929005617,1286.4466666666667,110.14298889516333,-1.2721239585888,3.09060001373291,-3.8514348646245367,1307.85,110.87909090909,3.2039999961853027,79.19999694824219
2011-11-01,640.7,1207.6,2908.9,,0.4957300137330148,0.3034206337302577,26.298207885304663,15.0,-1.978498527905785,744.8999999999997,1090.9,2277.0,,0.9880041808887308,-0.4655065905464062,26.550179211469537,7.0,-2.2239548131080387,818.4,1268.3,2455.7000000000003,,0.6454933129663787,-0.5541088508740094,26.448781362007168,14.0,-0.5926982206861275,681.2,1163.6,2493.3,,0.7355606853492714,0.231473052114778,26.72236559139785,10.0,-2.3553523425499243,-1.02,-0.46,-1.04,-1.64,-1.35,-0.17,-1.0,-0.0,257.025,0.0821711270614585,721.3000000000001,0.1,0.0,0.35,0.0,0.0,1.0,0.0,1.0,0.0,0.0,1.0,0.0,0.0,0.1,0.0,0.35,1213.96,110.50409090909,3.178800106048584,100.36000061035156,-0.7472814978333631,1248.3033333333333,110.28391774891668,0.9459513968314459,3.15446670850118,3.187693372627587,1223.1,109.46857142857,3.0806000232696533,93.19000244140625
2011-12-01,739.2,1283.0,2951.7,,1.133147371508575,0.5973884749261166,26.166810035842293,9.0,-2.480186699948799,934.7999999999996,1342.5,2516.8,,2.2177917723554064,0.7941601142070257,26.348924731182795,4.0,-3.044852662570408,942.5,1452.1999999999998,2636.3,,1.3476133532055703,0.1704112471480897,26.28150537634409,6.0,-2.041897145417307,768.0,1275.4,2514.5,,1.229566057823385,0.6821682105066206,26.213512544802867,5.0,-4.335389976958526,-0.92,-0.37,-0.8,-1.54,-1.56,-0.66,-1.0,-0.0,325.575,0.209219936572354,846.125,0.1,0.0,0.35,0.0,0.0,1.0,0.0,1.0,0.0,0.0,1.0,0.0,0.0,0.1,0.0,0.35,1203.28,107.90904761905,3.170599937438965,98.83000183105469,-0.8797653958944385,1213.4466666666667,109.29390331890333,-2.3483685252656428,3.143333355585734,-0.25796427381564735,1213.96,110.50409090909,3.178800106048584,100.36000061035156
2012-01-01,720.8000000000001,1350.8,2848.2,,1.014474781844299,0.8619192571099996,25.9678853046595,5.0,-3.370670570916541,767.1999999999997,1371.2,2332.2999999999997,,1.1323468520814226,0.9378952456940104,26.565053763440854,6.0,1.079448412698408,914.4,1640.0,2657.7,,1.1885653785841392,0.91019769913273,26.36215053763441,7.0,-0.7453648873527889,741.8,1353.0,2319.1,,1.0810949045291192,0.9951997827596096,25.960824372759856,1.0,-0.8226211597542257,-0.72,-0.43,-0.62,-1.31,-1.64,-1.05,-1.0,-0.0,203.45,0.3961505832676131,786.0500000000001,0.1,0.0,0.35,0.0,0.0,1.0,0.0,1.0,0.0,0.0,1.0,0.0,0.0,0.1,0.0,0.35,1216.28,111.15619047619,3.033099889755249,98.83000183105469,1.0803802938634366,1211.1733333333334,109.85644300144334,3.009147915569921,3.127499977747599,-4.336720191661292,1203.28,107.90904761905,3.170599937438965,98.83000183105469
2012-02-01,680.1,1320.8,2831.3,,0.7513342086726931,0.7452461994098172,25.888728216536897,6.0,-0.3800400753924116,725.6999999999998,1470.6,2476.1,,0.8637404883199206,1.4355390433283424,26.527697441601777,4.0,-0.0199761463354342,902.4,1720.8000000000002,2756.8,,1.1208469432745591,1.2286717862695444,26.26766777901372,6.0,0.0237601656161174,600.0,1281.1999999999998,2395.2,,0.2752499865539307,0.7063814620226432,26.043084909158324,0.0,1.6651069707081945,-0.57,-0.58,-0.46,-1.04,-1.64,-1.35,-1.0,-0.0,198.025,0.1967856626836181,727.0500000000002,0.1,0.0,0.35,0.0,0.0,1.0,0.0,1.0,0.0,0.0,1.0,0.0,0.0,0.1,0.0,0.35,1249.12,119.70238095238,2.997999906539917,107.06999969482422,2.700036175880549,1222.8933333333334,112.92253968253999,7.688452113713451,3.0672332445780435,-1.157231363658262,1216.28,111.15619047619,3.033099889755249,98.83000183105469
2012-03-01,668.9,1408.1,2607.9,,0.6789544295334417,1.0855626305609671,25.848943270300335,5.0,0.3213179149672491,503.4999999999998,1438.2999999999995,2427.3,,-0.5752801084786865,1.2738110025213476,26.795439377085653,7.0,1.1541209986404652,750.0999999999999,1692.6,2791.3,,0.2594882358889208,1.1177774512584728,26.27734519836856,9.0,-0.4976673464343086,584.5999999999999,1352.6,2365.5,,0.1872926633148476,0.994036472512816,26.332332220986277,0.0,0.7083485354097121,-0.46,-0.79,-0.37,-0.8,-1.54,-1.56,0.0,-0.0,225.3,0.1729005919956937,626.7750000000001,0.1,0.0,0.35,0.0,0.0,1.0,0.0,1.0,0.0,0.0,1.0,0.0,0.0,0.1,0.0,0.35,1285.38,124.92863636364,3.058799982070923,103.0199966430664,2.9028436018957438,1250.2600000000002,118.59573593073667,4.36604131820828,3.0299665927886963,2.0280212617210136,1249.12,119.70238095238,2.997999906539917,107.06999969482422
2012-04-01,677.5,1398.3,2599.4,,0.7342430895349208,1.0473871294071524,26.041882338400693,10.0,1.1974944382647372,679.6999999999998,1446.9,2431.8999999999996,,0.5654456338498598,1.3165406810006173,26.79802002224694,10.0,0.7405654430849076,710.4999999999999,1624.9,2872.5,,0.035356817480331,0.8509300533150381,26.385696452848844,7.0,1.0454975281176644,587.8,1329.6,2405.9,,0.2048464189467731,0.9012911792677089,26.72932146829811,6.0,1.7840169941910773,-0.36,-0.96,-0.43,-0.62,-1.31,-1.64,0.0,-0.0,240.55,0.178360680736636,663.8750000000001,0.1,0.0,0.35,0.0,0.0,1.0,0.0,1.0,0.0,0.0,1.0,0.0,0.0,0.1,0.0,0.35,1308.89,120.4635,3.0432000160217285,103.0199966430664,1.8290311036424978,1281.13,121.69817243867332,-3.57414960541389,3.0333333015441895,-0.5100028161577508,1285.38,124.92863636364,3.058799982070923,103.0199966430664
2012-05-01,722.2,1402.3,2609.8999999999996,,1.0228663063229833,1.062735068481894,26.33917562724014,20.0,1.825413793103447,665.8999999999997,1391.6,2482.5,,0.4755400813050915,1.0394265147236883,27.107956989247313,19.0,0.0100977011494229,641.5999999999999,1544.0,2812.3,,-0.3549306004424552,0.5319732607498783,26.77609318996416,14.0,1.1289222593004595,626.4,1226.4,2390.0,,0.4238027582032758,0.4855240290845325,26.96150537634408,11.0,0.5274148436534425,-0.17,-1.02,-0.58,-0.46,-1.04,-1.64,0.0,-0.0,198.175,0.1977596430069851,664.0250000000001,0.1,0.0,0.35,0.0,0.0,1.0,0.0,1.0,0.0,0.0,1.0,0.0,0.0,0.1,0.0,0.35,1220.55,110.52173913044,3.1684999465942383,86.52999877929688,-6.749230263811334,1271.6066666666668,118.63795849802666,-8.252923806430989,3.0901666482289634,4.117374142771935,1308.89,120.4635,3.0432000160217285,103.0199966430664
2012-06-01,585.8,1254.7,2537.7,65.73870967741934,0.1400112745614412,0.4874067822789268,26.61924731182795,31.0,1.628223828945739,585.5999999999998,1089.1,2431.6,42.419354838709666,-0.0448697227035057,-0.4751282244652167,27.403691756272405,27.0,0.7675188481028314,508.1999999999999,1258.3,2710.5,90.18387096774192,-1.1099348111526344,-0.5936672268959012,27.123691756272404,19.0,1.640025305895442,439.9,1024.5,2299.9,66.43870967741935,-0.6366292156671486,-0.3280248499931494,27.416666666666668,29.0,1.2639677110369547,0.06,-0.92,-0.79,-0.37,-0.8,-1.54,0.0,-24.32332258064515,91.15,0.185406503126767,529.8750000000001,0.1,0.0,0.35,0.0,0.0,1.0,0.0,1.0,0.0,0.0,1.0,0.0,0.0,0.1,0.0,0.35,1181.93,95.58904761905,3.0913000106811523,84.95999908447266,-3.164147310638643,1237.1233333333334,108.85809558316333,-13.511089880485983,3.1009999910990396,-2.4364821592017583,1220.55,110.52173913044,3.1684999465942383,86.52999877929688
2012-07-01,604.7,1282.2,2633.0,0.0,0.2622346940572427,0.5943205162761083,26.640286738351257,28.0,-0.0758675689037211,430.39999999999975,1110.1,2481.2999999999997,0.0,-1.0494700471287206,-0.3699091788055055,27.307562724014335,24.0,0.1879543319737955,424.7999999999999,1135.3000000000002,2775.3,0.0,-1.5815148141561066,-1.0781629641413348,27.063727598566302,17.0,-1.3706628661475726,432.2999999999999,1020.1,2373.1,0.0,-0.6796355731575167,-0.3460561358677795,27.30569892473118,29.0,-0.1305860524039062,0.3,-0.72,-0.96,-0.43,-0.62,-1.31,0.0,-0.0,183.725,0.2557782715092168,473.0500000000002,0.1,0.0,0.35,0.0,0.0,1.0,0.0,1.0,0.0,0.0,1.0,0.0,0.0,0.1,0.0,0.35,1239.49,103.14090909091,3.119499921798706,84.95999908447266,4.87000076146642,1213.99,103.08389861346666,7.900341785971499,3.1264332930246987,0.9122346915574786,1181.93,95.58904761905,3.0913000106811523,84.95999908447266
2012-08-01,576.4,1298.6,2619.4,0.0,0.0791762223527061,0.6579010968614039,26.634910394265233,37.0,3.4928421085156316,412.2999999999998,1078.2,2548.7999999999997,0.0,-1.1662488900718164,-0.5296672547104119,27.087132616487455,15.0,0.7506425040168097,413.69999999999993,1055.3,2776.1,39.98709677419356,-1.643947501525603,-1.3934387443408685,26.84759856630824,11.0,0.6692833704115664,430.6,1057.0,2338.2,0.0,-0.6891519464332145,-0.1976834107068757,27.216451612903224,31.0,0.8794139475960954,0.41,-0.57,-1.02,-0.58,-0.46,-1.04,0.0,-0.0,183.375,0.1668660419518755,458.2500000000001,0.1,0.0,0.35,0.0,0.0,1.0,0.0,1.0,0.0,0.0,1.0,0.0,0.0,0.1,0.0,0.35,1250.27,113.34,3.1198999881744385,96.47000122070312,0.8697125430620734,1223.8966666666668,104.02331890332,9.888502049269675,3.1102333068847656,0.012824695808988373,1239.49,103.14090909091,3.119499921798706,84.95999908447266
2012-09-01,677.7,1263.5,2671.6,0.0,0.7347974011440495,0.5210404405026197,26.45379928315412,30.0,0.630292825361515,525.7999999999997,1111.4,2549.7,0.0,-0.4308600339756911,-0.363497768909144,26.76935483870968,5.0,1.0207195649487095,453.19999999999993,961.4,2654.0000000000005,99.6774193548387,-1.4204600843695785,-1.7635887991274837,26.789820788530463,14.0,2.378260072920529,537.3,977.2,2329.8,0.0,-0.0823746732559876,-0.5190642126406986,26.904229390681,18.0,-0.0242634717587471,0.41,-0.46,-0.92,-0.79,-0.37,-0.8,0.0,-0.0,181.4,0.214236926136284,548.5000000000002,0.1,0.0,0.35,0.0,0.0,1.0,0.0,1.0,0.0,0.0,1.0,0.0,0.0,0.1,0.0,0.35,1280.95,113.3825,3.0127999782562256,92.19000244140625,2.4538699640877626,1256.9033333333334,109.95446969697001,0.03749779424739863,3.08406662940979,-3.4328026643213216,1250.27,113.34,3.1198999881744385,96.47000122070312
2012-10-01,677.9,1282.6,2680.9,,0.7361162107123581,0.5954486782574018,26.439820788530465,32.0,0.0338250834260271,721.2999999999997,1151.7,2598.6,,0.834907475374439,-0.1616268591357206,26.72096774193548,4.0,-0.345984736126562,578.3,1003.1,2628.0,,-0.7129955841628723,-1.5993180543044525,26.819928315412184,19.0,-0.5863044432085012,581.5,1013.8,2343.3999999999996,,0.1688181309027319,-0.3715795131990492,26.87519713261649,18.0,-0.3210537943393898,0.31,-0.36,-0.72,-0.96,-0.43,-0.62,0.0,-0.0,274.975,0.1748992534212513,639.7500000000002,0.1,0.0,0.35,0.0,0.0,1.0,0.0,1.0,0.0,0.0,1.0,0.0,0.0,0.1,0.0,0.35,1177.95,111.97347826087,3.0429000854492188,86.23999786376953,-8.040907139232601,1236.39,112.89865942029,-1.2427153565409133,3.0585333506266275,0.9990741971000361,1280.95,113.3825,3.0127999782562256,92.19000244140625
2012-11-01,783.1,1359.5,2761.8,,1.4171383497067744,0.8953671695266487,26.161505376344085,13.0,-1.970708070695835,892.8999999999999,1305.2,2696.7999999999997,,1.9459294481759684,0.6068799699982763,26.6810394265233,5.0,-2.949402298850579,832.8999999999999,1246.6,2790.6,,0.7270598625339958,-0.639937003650294,26.726810035842295,18.0,-2.524841181559756,722.9,1153.5,2379.9,,0.9725195031982992,0.1910418185733536,26.712222222222223,13.0,-1.6374077369917224,0.13,-0.17,-0.57,-1.02,-0.58,-0.46,0.0,-0.0,351.57500000000005,0.1063716900517793,807.9500000000003,0.1,0.0,0.35,0.0,0.0,1.0,0.0,1.0,0.0,0.0,1.0,0.0,0.0,0.1,0.0,0.35,1137.78,109.71181818182,3.036900043487549,88.91000366210938,-3.410161721635052,1198.8933333333334,111.68926548089667,-2.0198176516236344,3.0308667023976645,-0.19718169486935277,1177.95,111.97347826087,3.0429000854492188,86.23999786376953
2012-12-01,771.4,1449.1,2703.8,,1.3417206845749978,1.2448178902849456,26.01200716845878,7.0,-2.059057533061426,1049.4999999999998,1575.3000000000002,2664.4000000000005,,2.960161158575499,1.959260804590168,26.463297491039427,3.0,-4.028542083796811,1097.5,1550.7,2809.0,,2.2239810083513607,0.5581612155644482,26.43806451612903,9.0,-2.5367229019898634,836.1999999999999,1373.5,2398.0,,1.6168559510447813,1.0773633542228531,26.35745519713262,8.0,-4.323219564948708,-0.1,0.06,-0.46,-0.92,-0.79,-0.37,0.0,-0.0,312.1,0.269859265638302,938.65,0.1,0.0,0.35,0.0,0.0,1.0,0.0,1.0,0.0,0.0,1.0,0.0,0.0,0.1,0.0,0.35,1158.64,109.6765,3.0541999340057373,91.81999969482422,1.833394856650683,1158.1233333333337,110.45393214756332,-0.032191775148104895,3.0446666876475015,0.5696562372965452,1137.78,109.71181818182,3.036900043487549,88.91000366210938
2013-01-01,853.1,1531.0,2813.2,,1.8706684327173189,1.564192086447995,25.76254480286738,2.0,-5.62026721048078,892.2999999999998,1613.6,2723.7000000000003,,1.9421685908940471,2.1507800910123627,26.611684587813617,2.0,-0.3497786429365952,953.6,1531.9,2667.2000000000003,,1.409956939399563,0.4839527790910014,26.556344086021507,6.0,-0.3712390310221245,828.0999999999999,1409.6,2429.7000000000003,,1.5711338539482012,1.2229241530168198,26.16605734767025,2.0,-2.0504507477444047,-0.29,0.3,-0.36,-0.72,-0.96,-0.43,0.0,-0.0,218.1,0.3494317586548766,881.7750000000002,0.1,0.0,0.35,0.0,0.0,1.0,0.0,1.0,0.0,0.0,1.0,0.0,0.0,0.1,0.0,0.35,1192.35,112.97363636364,3.1050000190734863,97.48999786376953,2.9094455568597466,1162.9233333333334,110.78731818182,3.0062377661942197,3.0653666655222573,1.6632861687323253,1158.64,109.6765,3.0541999340057373,91.81999969482422
2013-02-01,770.2,1553.3000000000002,2851.9,,1.3344707000186593,1.651418364765811,25.723655913978497,2.0,-1.2570886456733223,916.4,1809.3,2887.5,,2.098310098146179,3.130242517058091,26.54708141321045,3.0,-1.3034758064516154,848.1999999999999,1681.1,2736.3999999999996,,0.8138094479219795,1.0716530731315737,26.588248847926263,8.0,-1.9710170250896064,729.0999999999999,1452.0,2509.0,,1.008931776716461,1.3940085416398638,25.962327188940097,0.0,-2.075813684075781,-0.29,0.41,-0.17,-0.57,-1.02,-0.58,0.0,-0.0,285.77500000000003,0.2591515961424867,815.9750000000001,0.1,0.0,0.35,0.0,0.0,1.0,0.0,1.0,0.0,0.0,1.0,0.0,0.0,0.1,0.0,0.35,1173.48,116.5195,3.091900110244751,92.05000305175781,-1.5825890049062652,1174.8233333333335,113.05654545454667,3.1386646924832506,3.0837000211079917,-0.4218972221663342,1192.35,112.97363636364,3.1050000190734863,97.48999786376953
2013-03-01,706.5999999999999,1478.0,2741.5,,0.9225925673254254,1.357925023613186,25.97956989247312,7.0,2.520065732206863,726.8999999999997,1776.4,2887.7999999999997,,0.8706263225922601,2.965253325946195,27.01374807987711,14.0,1.6659059139784933,674.4999999999999,1772.0,2733.4,,-0.1690914950427755,1.4296184442256,26.921582181259605,12.0,1.2870743727598608,530.2,1366.4,2343.6,,-0.1222238961198257,1.0491331271782498,26.588133640552996,8.0,3.846548067076295,-0.21,0.41,0.06,-0.46,-0.92,-0.79,0.0,-0.0,155.675,0.3406254833345843,659.5500000000002,0.1,0.0,0.35,0.0,0.0,1.0,0.0,1.0,0.0,0.0,1.0,0.0,0.0,0.1,0.0,0.35,1117.43,109.24,3.037100076675415,97.2300033569336,-4.776391587415207,1161.0866666666668,112.91104545454665,-6.247452143203502,3.078000068664551,-1.772373997069332,1173.48,116.5195,3.091900110244751,92.05000305175781
2013-04-01,648.2,1501.3000000000002,2783.9,,0.5440937278564534,1.4485388829495305,26.381971326164877,15.0,1.3347225422427051,813.4999999999998,1705.8,2857.5000000000005,,1.4309208912039773,2.6114726183881345,27.209877112135175,27.0,0.7214516129032251,772.8999999999999,1726.5,2729.6000000000004,,0.3873470346643085,1.250235021876677,26.96538146441372,18.0,-1.048345878136205,483.80000000000007,1311.9,2325.7,,-0.3869668737399037,0.8291915845635244,27.271753712237583,27.0,1.7502084613415256,-0.19,0.31,0.3,-0.36,-0.72,-0.96,0.0,-0.0,238.15,0.1924301829968052,679.6000000000001,0.1,0.0,0.35,0.0,0.0,1.0,0.0,1.0,0.0,0.0,1.0,0.0,0.0,0.1,0.0,0.35,1094.52,102.87545454546,3.0388998985290527,93.45999908447266,-2.0502402835076983,1128.4766666666667,109.54498484848666,-5.826204187605266,3.0559666951497397,0.05926119680612629,1117.43,109.24,3.037100076675415,97.2300033569336
2013-05-01,657.3,1427.5,2787.0,,0.6025366668785929,1.1607919923059995,26.61853046594982,20.0,0.5795236175115193,578.4999999999998,1494.9,2800.1,,-0.0913146324447983,1.5555411773638506,27.664946236559143,34.0,0.0694838709677423,760.8,1609.0000000000002,2855.6,,0.3187173391317142,0.7872819878863444,27.09003584229391,19.0,-0.6388781362007201,445.4,1174.5,2328.0,,-0.6064061196594033,0.2754565193804413,28.05136200716846,46.0,1.0571869559651823,-0.27,0.13,0.41,-0.17,-0.57,-1.02,0.0,-0.0,216.675,0.2770898947990565,610.5000000000002,0.1,0.0,0.35,0.0,0.0,1.0,0.0,1.0,0.0,0.0,1.0,0.0,0.0,0.1,0.0,0.35,1073.2,103.02695652174,3.09660005569458,91.97000122070312,-1.9478858312319547,1095.0500000000002,105.04747035573332,0.14726736999548518,3.057533343633016,1.898718585414949,1094.52,102.87545454546,3.0388998985290527,93.45999908447266
2013-06-01,686.5,1393.1,2842.2000000000003,10.538709677419348,0.7913780708338858,1.0264592215141677,26.645448028673837,22.0,0.5278058755760355,487.1999999999997,1214.1,2789.4,53.11935483870967,-0.6827672303434664,0.1494276381901648,27.86491039426523,43.0,2.6513548387096737,608.5999999999999,1283.1,2833.8,111.98387096774192,-0.5422816607605608,-0.4968160371368793,27.227670250896058,26.0,2.5705618279569897,438.1,968.3,2341.8,52.63870967741936,-0.6484411388601964,-0.5556623136263447,28.391433691756273,61.0,2.6198141961085533,-0.34,-0.1,0.41,0.06,-0.46,-0.92,0.0,0.6323225806451609,100.275,0.4589200894946609,555.1000000000001,0.1,0.0,0.35,0.0,0.0,1.0,0.0,1.0,0.0,0.0,1.0,0.0,0.0,0.1,0.0,0.35,1037.75,103.11,3.1117000579833984,96.55999755859375,-3.3032053671263606,1068.49,103.0041370224,0.08060364108928297,3.0824000040690103,0.48763166108745093,1073.2,103.02695652174,3.09660005569458,91.97000122070312
2013-07-01,587.2,1235.4,2766.4,0.0,0.1493126173306376,0.4117836475765364,26.483906810035844,17.0,0.0061123271889407,356.4999999999998,1170.0,2783.6000000000004,0.0,-1.5286289414785834,-0.0713033808280532,27.7021146953405,38.0,0.578602150537634,503.39999999999986,1276.3000000000002,2808.2000000000003,4.087096774193526,-1.136911076431684,-0.5234122965653184,27.015053763440857,19.0,-0.900120967741934,370.0,853.8000000000001,2263.4,26.861290322580643,-1.0351024297940543,-1.017134058305917,28.215340501792117,55.0,0.9175453789042508,-0.35,-0.29,0.31,0.3,-0.36,-0.72,0.0,0.0,137.325,0.2196439178222815,454.2750000000002,0.1,0.0,0.35,0.0,0.0,1.0,0.0,1.0,0.0,0.0,1.0,0.0,0.0,0.1,0.0,0.35,990.31,107.71608695652,3.2428998947143555,105.02999877929688,-4.571428571428582,1033.7533333333333,104.61768115942,4.467158332382892,3.150400002797445,4.216339437805061,1037.75,103.11,3.1117000579833984,96.55999755859375
2013-08-01,528.0999999999999,1185.4,2738.7000000000003,0.0,-0.2327622422629107,0.2168634079682871,26.35379928315412,16.0,1.866488671274961,323.4999999999998,902.0,2711.3,46.322580645161295,-1.7419961821148768,-1.4128490621211542,27.5515770609319,40.0,2.146774193548387,376.7999999999999,1137.6,2818.7000000000003,29.48709677419356,-1.8528279666127732,-1.0697731363474836,26.96559139784946,19.0,1.6504166666666649,396.5,841.9000000000001,2293.9,0.0,-0.8841781809027666,-1.0656718661491371,28.000286738351253,47.0,1.2611744111623118,-0.28,-0.29,0.13,0.41,-0.17,-0.57,0.0,0.0,168.625,0.2372603732759814,406.22500000000014,0.1,0.0,0.35,0.0,0.0,1.0,0.0,1.0,0.0,0.0,1.0,0.0,0.0,0.1,0.0,0.35,994.65,110.96454545455,3.23009991645813,107.6500015258789,0.43824660964748574,1007.57,107.26354413702335,3.0157598459190638,3.1948999563852944,-0.39470778228734016,990.31,107.71608695652,3.2428998947143555,105.02999877929688
2013-09-01,515.4,1201.9,2679.9,23.383870967741927,-0.3149366788315088,0.2811078459229542,26.36491039426523,24.0,3.282484190988221,411.5999999999998,898.8,2675.2000000000003,17.416129032258056,-1.1708376078534644,-1.4285354624466535,27.120465949820787,27.0,0.5759659498207856,534.1999999999998,1142.8,2914.7999999999997,3.577419354838696,-0.9620963669331488,-1.0490672554163398,26.62448028673835,14.0,0.4614587813620048,479.2000000000001,917.3,2283.7,4.187096774193549,-0.4133394037495788,-0.761896119105404,27.42584229390681,31.0,0.4607039810547881,-0.21,-0.21,-0.1,0.41,0.06,-0.46,0.0,9.58738709677419,179.15,0.1697235572971529,485.1000000000002,0.1,0.0,0.35,0.0,0.0,1.0,0.0,1.0,0.0,0.0,1.0,0.0,0.0,0.1,0.0,0.35,1019.72,111.62142857143,3.254699945449829,107.6500015258789,2.52048459257026,1001.5600000000001,110.10068699416667,0.591975674923173,3.2425665855407715,0.7615872458420325,994.65,110.96454545455,3.23009991645813,107.6500015258789
2013-10-01,531.9,1119.1,2620.4,,-0.2082142704991951,-0.0413238674046055,26.37243727598566,25.0,0.5335379544290824,595.7999999999997,952.3,2658.1,,0.021980566339063,-1.1603531604882151,26.95810035842294,25.0,0.1996003584229377,626.6999999999999,1130.1,2856.6,,-0.4390764339700027,-1.098936336260157,26.700824372759858,20.0,0.8393243727598545,610.4,980.4,2292.3,,0.332548149797909,-0.5074108813727192,27.17530465949821,25.0,-0.1786884920634932,-0.13,-0.19,-0.29,0.31,0.3,-0.36,0.0,0.0,243.425,0.208253090362574,591.2000000000003,0.1,0.0,0.35,0.0,0.0,1.0,0.0,1.0,0.0,0.0,1.0,0.0,0.0,0.1,0.0,0.35,990.96,109.47869565217,3.158600091934204,96.37999725341797,-2.8203820656650835,1001.7766666666668,110.68822322605001,-1.9196429813553184,3.214466651280721,-2.9526486350907932,1019.72,111.62142857143,3.254699945449829,107.6500015258789
2013-11-01,550.4,1078.5,2506.0,,-0.0883469028549224,-0.1992487935601941,26.263763440860213,20.0,-2.372977278545825,806.6999999999998,1130.2,2625.1,,1.3877655025401991,-0.2695842504907725,26.73594982078853,15.0,-1.91877598566308,778.6999999999999,1155.5,2764.5,,0.420839018924855,-0.9986552604332192,26.530394265232975,16.0,-1.0972706093189988,611.9,1008.4,2182.9,,0.3416647622926855,-0.3940337681281292,26.80448028673835,15.0,-1.947495839733742,-0.1,-0.27,-0.29,0.13,0.41,-0.17,0.0,0.0,264.35,0.2393945030333858,686.9250000000002,0.1,0.0,0.35,0.0,0.0,1.0,0.0,1.0,0.0,0.0,1.0,0.0,0.0,0.1,0.0,0.35,989.83,108.07619047619,3.169600009918213,92.72000122070312,-0.11403083878259723,1000.1700000000001,109.72543823326333,-1.2810758911815712,3.1943000157674155,0.34825294952969266,990.96,109.47869565217,3.158600091934204,96.37999725341797
2013-12-01,608.3,1123.6999999999998,2516.7999999999997,,0.2867028112902128,-0.0228529696261488,25.983799283154124,6.0,-1.7548858806963636,885.1999999999998,1296.8,2510.9,,1.896337390849543,0.5650005801107583,26.53806451612903,8.0,-3.024415770609318,889.8999999999999,1424.1,2707.2,,1.0500626598057767,0.0598466013887001,26.324193548387097,7.0,-2.840496415770609,772.0,1251.2,2219.5,,1.251988117189799,0.5844174480076103,26.407670250896057,8.0,-4.896882936507936,-0.15,-0.34,-0.21,-0.1,0.41,0.06,0.0,-0.0,281.075,0.2141661613029647,788.8500000000003,0.1,0.0,0.35,0.0,0.0,1.0,0.0,1.0,0.0,0.0,1.0,0.0,0.0,0.1,0.0,0.35,990.52,110.674,3.275700092315674,92.72000122070312,0.06970893991897764,990.4366666666668,109.40962870945334,2.403683468453033,3.201300064722697,3.3474281317975807,989.83,108.07619047619,3.169600009918213,92.72000122070312
2014-01-01,680.4000000000001,1212.3,2447.7,,0.7538796968401706,0.3228007831836104,25.546164874551973,2.0,-4.0028966333845375,736.0999999999997,1331.9,2501.8999999999996,,0.9315444610079472,0.7412542068505186,26.26494623655914,1.0,-0.8993082437275977,755.5999999999999,1382.3,2658.6,,0.2909778470359367,-0.1045497624765944,26.031720430107526,0.0,0.5845035842293917,678.1,1288.5,2142.3,,0.7193161969366781,0.735464954201783,25.851756272401435,1.0,-1.336291538658477,-0.28,-0.35,-0.19,-0.29,0.31,0.3,0.0,-0.0,167.125,0.3770242498066467,712.5500000000002,0.1,0.0,0.35,0.0,0.0,1.0,0.0,1.0,0.0,0.0,1.0,0.0,0.0,0.1,0.0,0.35,942.1,107.42,3.3494999408721924,97.48999786376953,-4.888341477203884,974.1500000000001,108.72339682539666,-2.940166615465245,3.2649333477020264,2.2529488804436726,990.52,110.674,3.275700092315674,92.72000122070312
2014-02-01,657.1,1207.5,2392.9,,0.603461226932297,0.304400162617496,25.373387096774195,1.0,-0.4539920634920626,419.4999999999997,1226.2,2128.2,,-1.1187114688613122,0.212187807314035,26.575422427035335,8.0,3.385897209421408,528.9999999999999,1307.7,2445.3,,-0.9909847017263058,-0.3984647573598707,26.291244239631336,7.0,2.7327533922171057,497.1,1109.0,1950.9,,-0.3091203315332173,0.013352185343368,25.842549923195083,4.0,3.895143753200209,-0.32,-0.28,-0.27,-0.29,0.13,0.41,0.0,-0.0,77.475,1.009082382349476,525.6750000000002,0.1,0.0,0.35,0.0,0.0,1.0,0.0,1.0,0.0,0.0,1.0,0.0,0.0,0.1,0.0,0.35,970.96,108.81,3.2774999141693115,102.58999633789062,3.0633690691009408,967.8600000000001,108.968,1.2939862223049658,3.3008999824523926,-2.149575398533443,942.1,107.42,3.3494999408721924,97.48999786376953
2014-03-01,582.5,1190.8,2392.7,,0.1209431783048772,0.2396730693486967,25.341129032258063,2.0,1.5658658474142335,335.5999999999997,1220.8000000000002,2119.6,,-1.6625319011717663,0.1849422111732387,26.93133640552996,23.0,2.613573860727086,393.9999999999999,1283.9,2426.7,,-1.754826645605783,-0.4922133892647996,26.507373271889403,7.0,0.8835752048131091,244.1,1016.1,1933.4,,-1.7476780997048065,-0.3608628268405426,26.4705069124424,21.0,4.526994751664109,-0.14,-0.21,-0.34,-0.21,-0.1,0.41,0.0,-0.0,144.45,0.3626991255438873,389.0500000000002,0.1,0.0,0.35,0.0,0.0,1.0,0.0,1.0,0.0,0.0,1.0,0.0,0.0,0.1,0.0,0.35,996.67,107.4,3.261199951171875,101.58000183105469,2.647894866935818,969.9100000000002,107.87666666666667,-1.2958367797077486,3.2960666020711265,-0.49732916626384904,970.96,108.81,3.2774999141693115,102.58999633789062
2014-04-01,447.0,1127.4,2246.5,,-0.756931765548752,-0.0076862263284757,26.09611111111111,18.0,4.235995775729645,461.7999999999997,1197.9,2150.2,,-0.8463035118955138,0.0701082630544555,27.374060419866876,33.0,0.0830021761392743,481.5999999999999,1237.1999999999998,2367.2999999999997,,-1.2598933051462171,-0.6761693491391907,26.822785458269333,14.0,0.5800617639528944,413.1,1091.2,2071.6000000000004,,-0.7888480855685475,-0.0589613371095312,27.37638504864311,39.0,1.6458191244239622,0.15,-0.13,-0.35,-0.19,-0.29,0.31,0.0,-0.0,228.95,0.3716871251491137,450.87500000000017,0.1,0.0,0.35,0.0,0.0,1.0,0.0,1.0,0.0,0.0,1.0,0.0,0.0,0.1,0.0,0.35,1001.69,107.79,3.265500068664551,99.73999786376953,0.5036772452266192,989.7733333333335,108.0,0.36312849162010163,3.268066644668579,0.13185691024957258,996.67,107.4,3.261199951171875,101.58000183105469
2014-05-01,462.00000000000006,1119.1,2197.6,,-0.660896897830039,-0.0404409210778526,26.65390681003584,31.0,0.906517281105991,731.9999999999998,1151.5,2281.7,,0.9030704921165156,-0.1624604194338952,27.32982078853047,31.0,-1.3700515873015888,673.1999999999999,1202.2,2357.7000000000003,,-0.176303190348773,-0.8143165689273515,26.8336917562724,12.0,-0.7755511392729098,558.1,1055.2,2063.6000000000004,,0.0341052553486696,-0.2045309774079554,27.962867383512545,54.0,0.3136470814132117,0.31,-0.1,-0.28,-0.27,-0.29,0.13,0.0,-0.0,232.925,0.2286452646186096,606.3250000000003,0.1,0.0,0.35,0.0,0.0,1.0,0.0,1.0,0.0,0.0,1.0,0.0,0.0,0.1,0.0,0.35,961.81,109.68,3.269789934158325,102.70999908447266,-3.9812716509099677,986.7233333333334,108.29,1.7534094071806283,3.2654966513315835,0.13136932793049727,1001.69,107.79,3.265500068664551,99.73999786376953
2014-06-01,505.1,1087.6,2211.3,0.0,-0.3826753493025747,-0.1634866412908044,26.9794623655914,39.0,0.0553873527905821,703.2999999999997,1038.9,2335.7,0.0,0.7168550854674266,-0.7267464686951657,27.551792114695346,30.0,0.2169152585765452,682.3,1076.3,2500.4,0.0,-0.1252431149671543,-1.3107002220404802,27.08820788530466,23.0,-0.6691649385560687,577.6,821.7,2072.9,43.33870967741936,0.1441323720527812,-1.145696682314943,28.433942652329748,63.0,1.019552995391706,0.23,-0.15,-0.21,-0.34,-0.21,-0.1,0.0,-0.0,155.20000000000002,0.3255471091953247,617.0750000000002,0.1,0.0,0.35,0.0,0.0,1.0,0.0,1.0,0.0,0.0,1.0,0.0,0.0,0.1,0.0,0.35,925.82,111.87,3.212100028991699,102.70999908447266,-3.741903286511883,963.1066666666667,109.78000000000002,1.9967177242888434,3.2491300106048584,-1.764330624544419,961.81,109.68,3.269789934158325,102.70999908447266
2014-07-01,575.1,1022.1,2234.4,0.0,0.0704482644794332,-0.419310080725652,26.8115770609319,31.0,0.7430593958013318,522.1999999999997,984.0,2315.8999999999996,12.261290322580647,-0.4558117135487667,-1.0022579043032842,27.668207885304657,28.0,0.1763883768561172,529.9999999999999,1011.6,2393.9,110.58709677419354,-0.9872770245997496,-1.566350273815843,27.519032258064517,39.0,2.311818932411672,355.2,768.3000000000001,2056.8,42.96129032258064,-1.1198077971287843,-1.361844660406607,28.588279569892475,65.0,0.7443917050691233,0.1,-0.28,-0.13,-0.35,-0.19,-0.29,0.0,-0.0,107.5,0.5657685328865268,495.6250000000002,0.1,0.0,0.35,0.0,0.0,1.0,0.0,1.0,0.0,0.0,1.0,0.0,0.0,0.1,0.0,0.35,897.43,106.98,3.197499990463257,98.16999816894531,-3.066470804260013,928.3533333333335,109.51,-4.371145079109684,3.2264633178710938,-0.45453249888439684,925.82,111.87,3.212100028991699,102.70999908447266
2014-08-01,592.3,1054.3,2261.8,0.0,0.1822357511849949,-0.294140774036722,26.52125448028674,24.0,0.5414733742959577,495.7999999999997,1227.8,2454.0,0.0,-0.6261013036160784,0.2183058787910596,27.32412186379928,23.0,-1.2137997951868904,502.39999999999986,1175.6,2483.3,0.0,-1.1430743618452175,-0.920232311775384,27.331935483870968,37.0,-0.750224078341013,370.3,928.4,2037.4,0.0,-1.0335792344414525,-0.7177565272126396,28.323763440860215,60.0,-0.6312265745007686,0.11,-0.32,-0.1,-0.28,-0.27,-0.29,0.0,-0.0,227.5,0.1313876472229481,490.20000000000016,0.1,0.0,0.35,0.0,0.0,1.0,0.0,1.0,0.0,0.0,1.0,0.0,0.0,0.1,0.0,0.35,861.77,101.92,3.2250781059265137,95.95999908447266,-3.973568969167507,895.0066666666668,106.92333333333333,-4.729856047859416,3.2115593751271567,0.8624899310558432,897.43,106.98,3.197499990463257,98.16999816894531
2014-09-01,597.4000000000001,1102.5,2293.3,0.0,0.2154659877137309,-0.1065565071251507,26.38903225806451,25.0,2.0400414746543767,550.8999999999997,1254.2,2475.0,0.0,-0.2686718668303983,0.3506469002696392,26.938566308243725,11.0,2.063194828469019,426.49999999999983,1108.8,2392.7000000000003,94.17741935483872,-1.5721243154644216,-1.1834657144358272,27.20193548387097,37.0,2.026421979006656,412.6,990.2,2006.3,35.28709677419354,-0.7925511154872343,-0.469059857726916,27.911541218637993,53.0,1.3971399129544295,0.28,-0.14,-0.15,-0.21,-0.34,-0.21,0.0,-0.0,161.85,0.1901969908133075,496.85000000000014,0.1,0.0,0.35,0.0,0.0,1.0,0.0,1.0,0.0,0.0,1.0,0.0,0.0,0.1,0.0,0.35,839.82,97.34,3.2825000286102295,91.16000366210938,-2.547083328498312,866.34,102.08,-4.49372056514914,3.2350260416666665,1.7804816130869927,861.77,101.92,3.2250781059265137,95.95999908447266
2014-10-01,540.5999999999999,1115.7,2243.1000000000004,,-0.1519914055412976,-0.0549606070607514,26.404086021505375,28.0,0.9036436251920144,743.5999999999997,1265.8,2463.7,,0.9792699282727392,0.4088312083312773,26.725663082437276,8.0,0.9310819252432124,641.8999999999999,1171.9,2409.1,,-0.3532743919928386,-0.9349778610453848,26.80301075268817,17.0,0.2690187532002035,670.6,1025.8,2117.0,,0.6741806984980377,-0.3253969763924844,27.44057347670251,39.0,-0.94722567844342,0.54,0.15,-0.28,-0.13,-0.35,-0.19,1.0,-0.0,259.825,0.3442842369756349,649.1750000000002,0.1,0.0,0.35,0.0,0.0,1.0,0.0,1.0,0.0,0.0,1.0,0.0,0.0,0.1,0.0,0.35,833.03,87.27,3.289799928665161,80.54000091552734,-0.8085065847443618,844.8733333333334,95.50999999999999,-10.345181836860496,3.2657926877339682,0.22238842319286523,839.82,97.34,3.2825000286102295,91.16000366210938
2014-11-01,591.3,1183.6,2302.7,,0.1758957650952389,0.2098510017801837,26.450501792114693,26.0,-1.07421390168971,806.6999999999997,1302.5,2454.0,,1.3876811653386156,0.5928889165390149,26.782401433691756,9.0,-2.569682411674348,706.1999999999998,1208.6,2410.8,,0.0104435565605168,-0.7901812589432162,26.76189964157706,15.0,-2.2554695980542743,816.7,1187.0,2242.2,,1.504843852345519,0.324152989024321,27.117813620071686,29.0,-2.915225678443422,0.71,0.31,-0.32,-0.1,-0.28,-0.27,1.0,-0.0,308.55,0.0918032765706456,730.2250000000001,0.1,0.0,0.35,0.0,0.0,1.0,0.0,1.0,0.0,0.0,1.0,0.0,0.0,0.1,0.0,0.35,825.98,78.44,3.457097053527832,66.1500015258789,-0.8463080561324277,832.9433333333335,87.68333333333334,-10.118024521599633,3.3431323369344077,5.085328241542997,833.03,87.27,3.289799928665161,80.54000091552734
2014-12-01,623.3,1220.7,2308.3,,0.3831260663681537,0.3546779569268556,26.323835125448028,17.0,-3.2413483102918565,1036.3999999999996,1587.3,2626.2,,2.875141067805836,2.018908381631258,26.57931899641577,9.0,-3.3716447772657467,829.9999999999998,1256.5,2332.8,,0.7110701601664173,-0.6010543807515513,26.46641577060932,5.0,-3.3819319636456715,1152.8,1565.4,2387.1,,3.4156788319523823,1.848588836841229,26.42885304659498,10.0,-5.765913850486433,0.77,0.23,-0.14,-0.15,-0.21,-0.34,1.0,-0.0,342.25,0.3603924860142389,910.6250000000002,0.1,0.0,0.35,0.0,0.0,1.0,0.0,1.0,0.0,0.0,1.0,0.0,0.0,0.1,0.0,0.35,814.55,62.33,3.496000051498413,53.27000045776367,-1.3838107460229176,824.52,76.01333333333334,-20.53799082100969,3.4142990112304688,1.1253082389133917,825.98,78.44,3.457097053527832,66.1500015258789
2015-01-01,779.9000000000001,1320.5,2342.6000000000004,,1.3969920339176911,0.7440033175521252,25.849641577060932,6.0,-5.852880568356376,907.3999999999996,1651.0,2635.0,,2.040270547492922,2.3381945663299377,26.42232974910394,4.0,-0.3062953149001544,880.3999999999999,1522.3,2533.9,,0.9967279641173026,0.4466897817771022,26.072867383512545,2.0,-2.0540287378392215,943.2,1613.8,2382.1,,2.225300991923018,2.0443651875146296,26.062186379928317,4.0,-0.947607398873526,0.69,0.1,0.15,-0.28,-0.13,-0.35,1.0,-0.0,226.925,0.3931871843792521,877.7250000000001,0.1,0.0,0.35,0.0,0.0,1.0,0.0,1.0,0.0,0.0,1.0,0.0,0.0,0.1,0.0,0.35,796.58,48.07,3.71636700630188,48.2400016784668,-2.2061260818856954,812.3700000000002,62.94666666666666,-22.878228782287824,3.556488037109375,6.303402504499833,814.55,62.33,3.496000051498413,53.27000045776367
2015-02-01,578.6,1169.9,2224.2000000000003,,0.0950664378795737,0.1573498041048135,25.708371735791093,3.0,-0.2584258832565282,643.2999999999998,1450.0,2677.8,,0.3303219498257364,1.3321626210676512,26.503917050691243,5.0,1.024832757296469,778.1999999999999,1484.4,2660.0,,0.4188824590988176,0.2975706425173631,25.974692780337943,1.0,-0.3372055811571961,652.6,1469.3,2397.7000000000003,,0.5740393326350998,1.4630318400563878,26.09869431643625,7.0,1.1354686379928296,0.61,0.11,0.31,-0.32,-0.1,-0.28,1.0,-0.0,94.0,0.8082787087936701,663.1750000000002,0.1,0.0,0.35,0.0,0.0,1.0,0.0,1.0,0.0,0.0,1.0,0.0,0.0,0.1,0.0,0.35,762.61,57.93,3.691534996032715,48.2400016784668,-4.264480654799274,791.2466666666668,56.10999999999999,20.51175369253173,3.634634017944336,-0.6681797095673625,796.58,48.07,3.71636700630188,48.2400016784668
2015-03-01,452.7000000000001,1076.0,2178.5,,-0.7194280718352277,-0.2083993000194453,25.746006144393245,3.0,1.4876609062980073,487.2999999999998,1523.6999999999998,2777.9,,-0.6799780533055908,1.7009865336661083,26.69531490015361,6.0,0.6168949692780323,736.6999999999998,1566.7,2675.5,,0.1839342966090638,0.6218706506873315,26.128456221198153,1.0,0.8656208397337437,266.4,1419.2,2409.4,,-1.6216930844026824,1.2612030774082046,26.926651305683563,30.0,4.166463261648744,0.65,0.28,0.23,-0.14,-0.15,-0.21,1.0,-0.0,164.85000000000002,0.5368267785431617,485.7750000000002,0.1,0.0,0.35,0.0,0.0,1.0,0.0,1.0,0.0,0.0,1.0,0.0,0.0,0.1,0.0,0.35,749.93,55.79,3.7054998874664307,48.2400016784668,-1.6627109531739737,769.7066666666666,53.93,-3.694113585361647,3.704467296600342,0.37829497617452024,762.61,57.93,3.691534996032715,48.2400016784668
2015-04-01,265.6,1045.5,2161.2000000000003,,-1.930923945569646,-0.3274297979978204,26.401920122887866,17.0,3.17122721454173,522.7999999999997,1430.2,2696.0,,-0.4506146337850293,1.2329557994589666,26.952124935995908,13.0,0.466926331285201,682.9999999999998,1563.4,2735.3,,-0.1203750725924098,0.608881638894879,26.514549411162317,5.0,0.7713824884792615,300.70000000000005,1243.9,2269.7000000000003,,-1.428361248578316,0.5548697276012101,27.89772657450077,52.0,3.0859345878136217,0.81,0.54,0.1,0.15,-0.28,-0.13,1.0,0.0,184.175,0.354339746318577,443.0250000000002,0.1,0.0,0.35,0.0,0.0,1.0,0.0,1.0,0.0,0.0,1.0,0.0,0.0,0.1,0.0,0.35,747.74,59.39,3.5687999725341797,59.630001068115234,-0.292027255877203,753.4266666666667,57.70333333333334,6.452769313497053,3.655278285344442,-3.689108597591051,749.93,55.79,3.7054998874664307,48.2400016784668
2015-05-01,336.2,914.8,2098.4,,-1.4752720452375865,-0.8371319041742915,26.98172043010753,41.0,3.041539042498716,656.9999999999998,1300.3000000000002,2602.8,,0.4178293569426798,0.5825092258197915,27.1578853046595,16.0,-0.1357725934459814,731.9999999999998,1510.1999999999998,2718.7999999999997,,0.1561797455727776,0.3990618070515362,26.87426523297491,13.0,-0.1036766513056832,431.2000000000001,1083.8,2270.7999999999997,,-0.687947572151189,-0.0903986995181538,28.574301075268817,72.0,0.7868969534050159,1.02,0.71,0.11,0.31,-0.32,-0.1,1.0,0.0,190.075,0.258070331390596,539.1000000000001,0.1,0.0,0.35,0.0,0.0,1.0,0.0,1.0,0.0,0.0,1.0,0.0,0.0,0.1,0.0,0.35,785.13,64.56,3.6484999656677246,60.29999923706055,5.000401208976379,760.9333333333334,59.913333333333334,8.705169220407472,3.6409332752227783,2.2332434921240596,747.74,59.39,3.5687999725341797,59.630001068115234
2015-06-01,391.9,844.6,2065.3,29.938709677419325,-1.1156200552180546,-1.111078963433731,27.347419354838703,59.0,0.5552738095238077,536.3999999999997,1023.7,2611.0,0.0,-0.3634177340203827,-0.8022789966774018,27.417347670250894,24.0,0.654371671786997,690.9999999999998,1427.6999999999998,2684.2,3.8838709677419274,-0.0759395355819516,0.0737944929221004,27.025985663082437,15.0,-0.9331497695852526,442.7,709.1,2274.5,39.63870967741936,-0.6228742676138984,-1.5998130915142974,28.738637992831546,72.0,0.4428960573476708,1.25,0.77,0.28,0.23,-0.14,-0.15,1.0,6.885903225806445,141.25,0.222985624110913,515.5000000000002,0.1,0.0,0.35,0.0,0.0,1.0,0.0,1.0,0.0,0.0,1.0,0.0,0.0,0.1,0.0,0.35,788.21,62.34,3.751499891281128,59.470001220703125,0.3922917223899258,773.6933333333335,62.09666666666667,-3.438661710037172,3.6562666098276773,2.8230759649891635,785.13,64.56,3.6484999656677246,60.29999923706055
2015-07-01,362.2999999999999,627.9,1948.4,86.18064516129033,-1.3074989620674922,-1.9563174306671312,27.56569892473118,72.0,1.7894243471582172,417.6999999999998,940.5,2591.5,31.76129032258065,-1.132255321402618,-1.2192691369080986,27.616451612903223,27.0,1.1710168330773172,546.8999999999999,1229.9,2752.2,42.58709677419354,-0.8911331713367682,-0.7058311062004431,27.16784946236559,20.0,2.267043778801842,387.7,688.4,2302.2,15.261290322580637,-0.9353140812820432,-1.6841922842740282,28.694444444444443,76.0,1.1950465949820774,1.57,0.69,0.54,0.1,0.15,-0.28,1.0,8.618064516129033,97.32500000000002,0.2122967411879333,428.6500000000002,0.1,0.0,0.35,0.0,0.0,1.0,0.0,1.0,0.0,0.0,1.0,0.0,0.0,0.1,0.0,0.35,752.32,55.87,3.822999954223633,47.119998931884766,-4.553355070349275,775.2200000000001,60.92333333333334,-10.3785691369907,3.740999937057495,1.905906037973737,788.21,62.34,3.751499891281128,59.470001220703125
2015-08-01,379.6,715.8,1885.7,19.07419354838709,-1.1955208722223098,-1.6144396162079644,27.52913978494624,69.0,1.16740821812596,350.0999999999998,1007.1,2457.1,42.62258064516129,-1.569791793779426,-0.8861963093141055,27.556236559139787,26.0,0.8470921018945212,349.1999999999998,1081.2,2565.6,126.68709677419356,-2.0092568048181993,-1.2919024154680698,27.17860215053764,20.0,2.85857603686636,386.9,818.0999999999999,2287.4,0.0,-0.9394620710858824,-1.16260250146833,28.451433691756268,63.0,0.509482078853047,1.91,0.61,0.71,0.11,0.31,-0.32,1.0,2.0981612903225795,127.875,0.39987614287685,366.45000000000016,0.1,0.0,0.35,0.0,0.0,1.0,0.0,1.0,0.0,0.0,1.0,0.0,0.0,0.1,0.0,0.35,728.33,46.99,4.165999889373779,49.20000076293945,-3.1888026371756695,756.2866666666667,55.06666666666666,-15.89403973509933,3.91349991162618,8.97200992040823,752.32,55.87,3.822999954223633,47.119998931884766
2015-09-01,381.1,773.0,1849.0,28.583870967741916,-1.1857789881682468,-1.391957413843265,27.508028673835124,69.0,1.4855874295954976,333.6999999999998,870.0999999999999,2393.7999999999997,59.71612903225805,-1.6757440216557031,-1.571962913935396,27.435125448028675,26.0,2.6855508832565285,290.5999999999998,981.6,2548.2999999999997,111.4774193548387,-2.3409420635048783,-1.684537763667988,27.346379928315415,31.0,2.912559907834101,433.7000000000001,876.4000000000001,2295.6,27.08709677419355,-0.6733372309597442,-0.9279731122692711,28.32698924731183,63.0,1.0351953405017902,2.21,0.65,0.77,0.28,0.23,-0.14,1.0,8.003483870967738,134.57500000000002,0.1197402687520474,359.7750000000002,0.1,0.0,0.35,0.0,0.0,1.0,0.0,1.0,0.0,0.0,1.0,0.0,0.0,0.1,0.0,0.35,720.4,47.24,4.385499954223633,45.09000015258789,-1.088792168385222,733.6833333333334,50.03333333333333,0.5320280910832142,4.124833265940349,5.268844711439691,728.33,46.99,4.165999889373779,49.20000076293945
2015-10-01,422.7000000000001,785.0,1830.5,,-0.9163250959780463,-1.3452347830733138,27.317706093189965,64.0,1.7584315156170014,345.2999999999998,763.0,2193.2,,-1.6003382517437346,-2.107955641730837,27.26845878136201,19.0,2.5888197004608315,346.5999999999998,893.5,2456.9,,-2.024147704088097,-2.031624669819217,27.29476702508961,29.0,0.8977749615975412,518.1,905.8,2149.7,,-0.1933514029888829,-0.8092791532842889,28.070000000000004,55.0,0.9557867383512572,2.47,0.81,0.69,0.54,0.1,0.15,1.0,0.0,145.72500000000002,0.3246588651024354,408.1750000000002,0.1,0.0,0.35,0.0,0.0,1.0,0.0,1.0,0.0,0.0,1.0,0.0,0.0,0.1,0.0,0.35,743.3,48.12,4.3060760498046875,46.59000015258789,3.1787895613548,730.6766666666667,47.449999999999996,1.8628281117696766,4.285858631134033,-1.8110570116972147,720.4,47.24,4.385499954223633,45.09000015258789
2015-11-01,475.2000000000001,854.8000000000001,1769.6,,-0.5760617011771181,-1.0728543009738671,26.960179211469537,46.0,-1.5672674091141836,557.7999999999997,907.9,2208.2000000000003,,-0.224324993076559,-1.3825537781539006,27.11799283154122,16.0,-2.4940530593958012,671.0999999999998,1020.3,2530.5,,-0.1884693577228557,-1.531917192073691,27.013584229390677,21.0,-2.259127368151562,667.0,1053.9,2137.7,,0.6532091068392658,-0.2124921899158636,27.757706093189967,46.0,-2.896108422939069,2.64,1.02,0.61,0.71,0.11,0.31,1.0,0.0,312.47499999999997,0.2367624838173172,592.7750000000001,0.1,0.0,0.35,0.0,0.0,1.0,0.0,1.0,0.0,0.0,1.0,0.0,0.0,0.1,0.0,0.35,727.34,44.42,4.248000144958496,46.59000015258789,-2.1471814879590934,730.3466666666668,46.593333333333334,-7.68911055694097,4.313192049662272,-1.3486966828843094,743.3,48.12,4.3060760498046875,46.59000015258789
2015-12-01,433.4,814.5,1659.1,,-0.8461161529622964,-1.2296379333967755,26.771505376344084,31.0,-1.6532243983614985,682.0999999999997,1015.8,2039.5,,0.5806106942275153,-0.8422698718437261,27.00329749103943,7.0,-2.620520801331285,798.2999999999998,1088.9,2516.6,,0.5313472538563309,-1.261621232886981,26.745698924731183,12.0,-0.9591918842805924,637.9,1071.6,1780.6999999999998,,0.4883897381544117,-0.1407247562216136,27.432867383512544,30.0,-1.3884578853046603,2.75,1.25,0.65,0.77,0.28,0.23,1.0,0.0,179.725,0.4329647070043652,637.9250000000002,0.1,0.0,0.35,0.0,0.0,1.0,0.0,1.0,0.0,0.0,1.0,0.0,0.0,0.1,0.0,0.35,765.7,37.72,4.294000148773193,37.040000915527344,5.274012153875773,745.4466666666667,43.419999999999995,-15.083295812696985,4.282692114512126,1.0828625763887878,727.34,44.42,4.248000144958496,46.59000015258789
2016-01-01,406.4,829.1,1457.0,,-1.020348836504707,-1.1722871604178815,26.537096774193547,11.0,-1.5884663338453642,797.8999999999997,1143.2,2083.7,,1.3303803129583849,-0.2044450759151748,26.963512544802867,8.0,-1.6820799411162302,986.1999999999996,1332.8,2562.7,,1.5941436789098575,-0.3008696430075067,26.673655913978497,6.0,-2.2852133896569384,528.0,1046.1,1734.5,,-0.1364086957581595,-0.2433137768061219,27.641469534050177,35.0,-0.0577051971326163,2.63,1.57,0.81,0.69,0.54,0.1,1.0,0.0,187.425,0.688493019978029,679.6250000000001,0.1,0.0,0.35,0.0,0.0,1.0,0.0,1.0,0.0,0.0,1.0,0.0,0.0,0.1,0.0,0.35,736.03,30.8,4.154030799865723,33.619998931884766,-3.8748857254799596,743.0233333333334,37.64666666666667,-18.345705196182394,4.232010364532471,-3.2596493725660536,765.7,37.72,4.294000148773193,37.040000915527344
2016-02-01,306.2,781.4000000000001,1497.1999999999998,,-1.6686914069393053,-1.3578401387112475,26.628476084538377,7.0,-1.5024367507106646,660.6999999999998,1218.5,2225.6,,0.4419856788300436,0.172462977776258,27.047497219132367,8.0,-0.361472222222222,1016.7999999999996,1687.9,2769.1,,1.7670710931491904,1.0979300588061334,26.758138672599184,7.0,-2.805800086515882,325.9,992.9,1811.0,,-1.284886443832141,-0.4571998095019709,27.726028921023357,35.0,-0.3220878445186024,2.28,1.91,1.02,0.61,0.71,0.11,1.0,0.0,210.25,0.6711814411099986,577.4000000000001,0.1,0.0,0.35,0.0,0.0,1.0,0.0,1.0,0.0,0.0,1.0,0.0,0.0,0.1,0.0,0.35,767.24,33.2,4.191800117492676,33.75,4.240316291455515,756.3233333333334,33.906666666666666,7.792207792207795,4.213277022043864,0.9092209337536517,736.03,30.8,4.154030799865723,33.619998931884766
2016-03-01,251.7,685.1,1458.1,,-2.021664195266456,-1.733083157727246,26.8596588802373,19.0,1.731346156222962,582.4999999999998,1264.6,2134.7,,-0.0648803235489182,0.4028579199624664,27.371153133110862,15.0,1.1316460573476732,1060.7999999999995,1859.1,2840.7,,2.0157109260750854,1.772366333142746,26.8871709306637,5.0,-0.4170079100234822,249.89999999999995,887.8000000000001,1764.2,,-1.7180673679777505,-0.880838787281435,28.54215795328142,58.0,4.052624799159563,1.71,2.21,1.25,0.65,0.77,0.28,1.0,0.0,138.54999999999998,0.8335788656679624,536.2250000000001,0.1,0.0,0.35,0.0,0.0,1.0,0.0,1.0,0.0,0.0,1.0,0.0,0.0,0.1,0.0,0.35,765.61,39.07,3.8635001182556152,38.34000015258789,-0.2124498201345082,756.2933333333334,34.35666666666666,17.68072289156626,4.069777011871338,-7.831957393842359,767.24,33.2,4.191800117492676,33.75
2016-04-01,261.3,667.7,1452.7,,-1.9609584718711872,-1.8014593000892432,27.616110493140525,47.0,2.694168736868125,577.2999999999997,1375.2,2138.2,,-0.0991428216409128,0.955913899925104,27.695167470028423,30.0,0.77526164874552,1054.9,2041.1,2934.6,,1.9821686386204913,2.489142322240028,26.996740823136815,12.0,-0.9171700964034136,267.3999999999999,795.4,1701.1999999999998,,-1.6196308643576585,-1.2537272837664195,29.14029415399827,65.0,2.3212789210233566,1.05,2.47,1.57,0.81,0.69,0.54,1.0,0.0,191.425,0.6231802774245588,540.2250000000001,0.1,0.0,0.35,0.0,0.0,1.0,0.0,1.0,0.0,0.0,1.0,0.0,0.0,0.1,0.0,0.35,794.13,42.25,3.9209539890289307,45.91999816894531,3.7251342067109894,775.66,38.17333333333334,8.139237266444832,3.9920847415924072,1.4870938013392898,765.61,39.07,3.8635001182556152,38.34000015258789
2016-05-01,327.6,633.8,1488.6,,-1.5330256637149182,-1.934209875494272,28.13494623655914,75.0,0.2515988443950085,572.7999999999997,1233.5,2141.4,,-0.128849369022618,0.2462614953599103,28.006810035842296,45.0,-0.9145931899641582,912.9999999999998,1929.8,2950.1,,1.1792550488980844,2.0504178638638857,27.240752688172048,19.0,-1.4418582684464225,318.19999999999993,644.1,1698.0,,-1.3320561380370046,-1.8636134000032047,29.79706093189964,87.0,-1.3557103262884702,0.49,2.64,1.91,1.02,0.61,0.71,0.0,0.0,202.925,0.2302734904955244,532.9000000000001,0.1,0.0,0.35,0.0,0.0,1.0,0.0,1.0,0.0,0.0,1.0,0.0,0.0,0.1,0.0,0.35,795.64,47.13,4.116499900817871,45.91999816894531,0.19014519033406785,785.1266666666667,42.81666666666666,11.550295857988168,3.966984669367472,4.987202408803815,794.13,42.25,3.9209539890289307,45.91999816894531
2016-06-01,471.5,723.2,1537.7,0.0,-0.6018851184853383,-1.5859852704855733,27.984659498207886,68.0,-1.3526341305153906,504.69999999999976,1087.2,2103.0,29.319354838709657,-0.5695586794580944,-0.4861731347092612,27.912293906810035,46.0,-0.3133530465949832,839.2999999999998,1900.1,2989.0,0.0,0.7625828557126669,1.933399571854548,27.150716845878136,21.0,-0.6980392720306501,427.2999999999999,677.2,1748.8,0.0,-0.7114830122815499,-1.730859885187879,29.400215053763436,80.0,-0.4910830861450996,0.0,2.75,2.21,1.25,0.65,0.77,0.0,0.0,166.35,0.2966600573274447,560.7000000000002,0.1,0.0,0.35,0.0,0.0,1.0,0.0,1.0,0.0,0.0,1.0,0.0,0.0,0.1,0.0,0.35,799.91,48.48,3.984999895095825,48.33000183105469,0.5366748780855746,796.5600000000001,45.95333333333334,2.864417568427746,4.007484594980876,-3.1944615301926604,795.64,47.13,4.116499900817871,45.91999816894531
2016-07-01,605.3,866.6,1695.7,0.0,0.2649788330501045,-1.0273194164758277,27.26261648745519,53.0,0.2455432888394533,472.4999999999997,1049.8,2193.0,0.0,-0.7775936603330638,-0.6734585799650684,27.679677419354835,37.0,0.0141523297491055,688.9999999999998,1743.9,3076.7,0.0,-0.0874892174600665,1.3180476056271242,27.17555555555556,24.0,0.3796757817327894,508.5,775.8999999999999,1822.0,0.0,-0.2489864304534538,-1.333480282249588,28.73218637992831,68.0,-0.142846527005318,-0.31,2.63,2.47,1.57,0.81,0.69,0.0,0.0,199.55,0.1266855303108227,568.8250000000002,0.1,0.0,0.35,0.0,0.0,1.0,0.0,1.0,0.0,0.0,1.0,0.0,0.0,0.1,0.0,0.35,796.67,45.07,4.030795097351074,41.599998474121094,-0.4050455676263609,797.4066666666668,46.89333333333334,-7.033828382838281,4.044098297754924,1.1491895473223712,799.91,48.48,3.984999895095825,48.33000183105469
2016-08-01,566.0,893.5999999999999,1675.0,39.7741935483871,0.0112004530315106,-0.922427962006511,27.02068100358423,49.0,0.9813497404523552,379.7999999999997,952.6,2171.1,64.5225806451613,-1.37778950209837,-1.1603458142939844,27.706559139784947,37.0,1.6091523297491044,522.8999999999997,1435.9,3123.7999999999997,79.58709677419355,-1.0270887172133447,0.104555720972115,27.30566308243727,37.0,3.034837072055371,440.7999999999999,759.0,1751.9,66.48387096774194,-0.6334757486584763,-1.4021371025388838,28.620358422939074,66.0,0.1608362686936111,-0.5,2.28,2.64,1.91,1.02,0.61,-1.0,75.96870967741937,111.475,0.1432425451169688,477.3750000000002,0.1,0.0,0.35,0.0,0.0,1.0,0.0,1.0,0.0,0.0,1.0,0.0,0.0,0.1,0.0,0.35,824.42,46.14,4.093500137329102,44.70000076293945,3.4832490240626512,807.0,46.56333333333333,2.374084757044592,4.036431709925334,1.5556494057272996,796.67,45.07,4.030795097351074,41.599998474121094
2016-09-01,625.4000000000001,1096.9,1782.0,0.0,0.3955524374016287,-0.1301200876172874,26.964014336917568,55.0,-0.44290563589173,420.19999999999976,924.9,2189.5,41.31612903225806,-1.1162945992107642,-1.2988707806162076,27.73767025089606,44.0,2.164999999999999,537.1999999999998,1376.5000000000002,3235.6000000000004,0.0,-0.9462440734866056,-0.12931569633489,27.32455197132616,43.0,1.3067232727722171,461.49999999999994,888.8,1776.6,2.387096774193566,-0.5156436532589632,-0.8790316177631518,28.490358422939067,62.0,-0.0127730503028082,-0.58,1.71,2.75,2.21,1.25,0.65,-1.0,0.0,200.05,0.2575465926714318,511.07500000000016,0.1,0.0,0.35,0.0,0.0,1.0,0.0,1.0,0.0,0.0,1.0,0.0,0.0,0.1,0.0,0.35,837.21,46.19,4.124199867248535,48.2400016784668,1.5513937070910533,819.4333333333334,45.800000000000004,0.10836584308624442,4.082831700642903,0.749962840833418,824.42,46.14,4.093500137329102,44.70000076293945
2016-10-01,711.8,1317.1,1984.8,,0.9545283336482828,0.7286488628680905,26.926379928315413,51.0,-1.4544163885799044,479.7999999999997,952.3,2327.5,,-0.7306025757238856,-1.1615495898623514,27.82584229390681,49.0,0.4238709677419372,625.6999999999998,1314.6999999999998,3355.8,,-0.4453672442272735,-0.3724964203181696,27.098745519713265,38.0,-0.5395670498084257,412.2999999999999,920.8,1716.2,,-0.7951881993197805,-0.7494236320408175,28.482831541218633,61.0,-2.1803483191200073,-0.64,1.05,2.63,2.47,1.57,0.81,-1.0,0.0,245.875,0.3276140740717978,557.4000000000002,0.1,0.0,0.35,0.0,0.0,1.0,0.0,1.0,0.0,0.0,1.0,0.0,0.0,0.1,0.0,0.35,861.26,49.73,4.19350004196167,46.86000061035156,2.872636495025138,840.9633333333335,47.35333333333333,7.663996536046769,4.137066682179769,1.6803301717617458,837.21,46.19,4.124199867248535,48.2400016784668
2016-11-01,868.3,1434.3,2068.1,,1.967506996010175,1.185907530936817,26.593655913978495,32.0,-2.6786466753182516,748.0999999999998,1127.9,2361.4,,1.0072136403033372,-0.2822183676222338,27.376666666666665,35.0,-3.5834973118279567,774.7999999999998,1297.7,3227.5,,0.3984913940907046,-0.4391706732023038,26.71458781362007,19.0,-0.6804738598442714,560.5,1001.3,1645.4,,0.0479114300088242,-0.4245321466471851,27.85555555555555,40.0,-4.140386849585962,-0.6,0.49,2.28,2.64,1.91,1.02,-1.0,0.0,292.0,0.1857530794968948,737.9250000000002,0.1,0.0,0.35,0.0,0.0,1.0,0.0,1.0,0.0,0.0,1.0,0.0,0.0,0.1,0.0,0.35,885.11,46.44,4.46750020980835,49.439998626708984,2.7691986159812387,861.1933333333333,47.453333333333326,-6.615724914538513,4.261733373006185,6.533925482411718,861.26,49.73,4.19350004196167,46.86000061035156
2016-12-01,859.3,1484.7,2207.9,,1.9095251627048544,1.3824769791365152,26.461899641577062,20.0,-3.431334847361267,757.2999999999997,1177.5,2264.7,,1.0669650739995575,-0.033908878640297,27.27340501792115,25.0,-0.8510295698924715,796.8999999999997,1334.1,3234.2,,0.5238310050337728,-0.2955832756116565,26.492186379928317,11.0,-0.4755760103819053,619.5,1081.0,1758.2,,0.3840352991754794,-0.1029379215416398,27.308207885304657,28.0,-4.006150290446174,-0.45,0.0,1.71,2.75,2.21,1.25,0.0,0.0,220.375,0.2046615174501118,758.2500000000002,0.1,0.0,0.35,0.0,0.0,1.0,0.0,1.0,0.0,0.0,1.0,0.0,0.0,0.1,0.0,0.35,916.7,54.07,4.483500003814697,53.720001220703125,3.569047914948431,887.69,50.080000000000005,16.429801894918185,4.381500085194905,0.35813750990363324,885.11,46.44,4.46750020980835,49.439998626708984
2017-01-01,806.8000000000001,1518.6,2385.2,,1.570256442452447,1.5148043939132707,26.269426523297497,12.0,-3.908700438759116,723.5999999999998,1203.4,2253.2000000000003,,0.8493107043164699,0.0959769416602709,26.98845878136201,14.0,-1.6351693548387107,667.1999999999998,1292.9,3036.8,,-0.2097986357035346,-0.4576731041271753,26.556702508960573,13.0,1.0888325917686323,741.5999999999999,1153.9,1929.8,,1.0787918887590082,0.1912091011079845,26.700681003584226,18.0,-3.822870720553702,-0.19,-0.31,1.05,2.63,2.47,1.57,0.0,0.0,222.425,0.2229162443242252,734.8000000000002,0.1,0.0,0.35,0.0,0.0,1.0,0.0,1.0,0.0,0.0,1.0,0.0,0.0,0.1,0.0,0.35,876.85,54.89,4.427199840545654,53.720001220703125,-4.34711465037635,892.8866666666668,51.800000000000004,1.5165526169779842,4.459400018056233,-1.2557190413993724,916.7,54.07,4.483500003814697,53.720001220703125
2017-02-01,713.3,1581.6,2475.2000000000003,,0.96579663325003,1.7608511763250256,26.058870967741935,10.0,-1.8326757552483333,585.4999999999998,1333.6,2286.2,,-0.0447935045649593,0.7481297399463568,27.008141321044548,13.0,-0.0341968125960079,651.5999999999998,1426.4,2862.3,,-0.297811233371878,0.0687005810500986,26.420353302611364,12.0,-0.185592165898619,640.8,1201.3,1960.3,,0.506181081049643,0.3828304251531098,26.612903225806452,15.0,-0.225194764464927,-0.02,-0.5,0.49,2.28,2.64,1.91,0.0,0.0,205.0,0.1922788806791357,647.8000000000002,0.1,0.0,0.35,0.0,0.0,1.0,0.0,1.0,0.0,0.0,1.0,0.0,0.0,0.1,0.0,0.35,839.6,55.49,4.4375,54.0099983215332,-4.248161030963105,877.7166666666668,54.81666666666667,1.093095281472034,4.449399948120117,0.23265630252362612,876.85,54.89,4.427199840545654,53.720001220703125
2017-03-01,676.4,1535.7,2632.6,,0.7271793830013454,1.582212541632075,26.01263440860215,6.0,0.1617251664106511,707.6999999999998,1465.0,2389.9,,0.7465987252050708,1.406026886332551,26.865130568356378,11.0,0.0706879800307227,629.5999999999998,1426.5,2803.0,,-0.4224133707637746,0.0692141600727745,26.534331797235023,12.0,1.526404761904761,643.9,1263.4,2152.2,,0.5233166144227374,0.6330885838482799,26.91182795698925,20.0,1.720700012800819,0.18,-0.58,0.0,1.71,2.75,2.21,0.0,0.0,236.97499999999997,0.117208877735358,664.4000000000002,0.1,0.0,0.35,0.0,0.0,1.0,0.0,1.0,0.0,0.0,1.0,0.0,0.0,0.1,0.0,0.35,814.94,51.97,4.422999858856201,50.599998474121094,-2.937112910909956,843.7966666666667,54.11666666666667,-6.3434853126689505,4.429233233133952,-0.32676374408561193,839.6,55.49,4.4375,54.0099983215332
2017-04-01,604.7,1411.5,2728.6000000000004,,0.2629080923907263,1.0982485025604811,26.26589605734767,16.0,1.7230128008192516,791.4999999999998,1515.1,2467.3999999999996,,1.2888733619962698,1.656944277316592,27.00341013824885,13.0,-0.3934096902201744,745.6999999999997,1412.9,2727.6,,0.2342656250691455,0.0156254761917599,26.49189452124936,9.0,0.2726458013312829,620.8,1362.4,2283.2,,0.3913276391609558,1.031767814806856,27.369354838709672,30.0,1.439735855094728,0.31,-0.64,-0.31,1.05,2.63,2.47,0.0,0.0,248.7,0.1675772102295516,690.6750000000002,0.1,0.0,0.35,0.0,0.0,1.0,0.0,1.0,0.0,0.0,1.0,0.0,0.0,0.1,0.0,0.35,794.04,52.98,4.3394999504089355,49.33000183105469,-2.56460598326258,816.1933333333335,53.48,1.9434289012892014,4.399999936421712,-1.8878569096056674,814.94,51.97,4.422999858856201,50.599998474121094
2017-05-01,643.3,1356.6,2790.9,,0.5118986693302335,0.8841529714283526,26.65863799283154,29.0,0.7691364567332322,777.5999999999998,1363.1,2491.0,,1.1982745891843352,0.8958115690546719,27.33612903225806,19.0,0.0495688044034814,778.8999999999996,1430.5,2728.2000000000003,,0.4214777762131892,0.0847083736639295,26.841433691756276,14.0,-0.8189294674859173,695.6999999999999,1336.5,2337.7999999999997,,0.8159308793538528,0.9269154002544804,27.97688172043011,49.0,0.0656605862775236,0.4,-0.6,-0.5,0.49,2.28,2.64,0.0,0.0,238.2,0.1011444128470211,723.8750000000002,0.1,0.0,0.35,0.0,0.0,1.0,0.0,1.0,0.0,0.0,1.0,0.0,0.0,0.1,0.0,0.35,825.06,50.87,4.288300037384033,48.31999969482422,3.9066042012996904,811.3466666666667,51.94,-3.982634956587394,4.350266615549724,-1.1798574400277984,794.04,52.98,4.3394999504089355,49.33000183105469
2017-06-01,711.5,1387.9,2872.6000000000004,0.0,0.9529195110944818,1.006058611904502,26.74440860215054,37.0,-0.1254343317972335,629.6999999999998,1337.4,2514.9,5.4193548387096655,0.2403539178572138,0.7670923043815635,27.557956989247305,24.0,0.3742067972350256,726.2999999999997,1355.9,2690.0,3.183870967741939,0.12372366056327,-0.2094219192991828,27.012078853046592,16.0,0.3657524321556558,581.3,1225.2,2306.2,20.438709677419354,0.1652939211957507,0.4781264962432898,28.350860215053768,60.0,1.4484078981054758,0.39,-0.45,-0.58,0.0,1.71,2.75,0.0,0.0,175.29999999999998,0.4213039752299475,662.2000000000002,0.1,0.0,0.35,0.0,0.0,1.0,0.0,1.0,0.0,0.0,1.0,0.0,0.0,0.1,0.0,0.35,832.95,46.89,4.290999889373779,46.040000915527344,0.9562940877027248,817.35,50.24666666666666,-7.823864753292698,4.306266625722249,0.06295856087983331,825.06,50.87,4.288300037384033,48.31999969482422
2017-07-01,683.9,1288.6,2807.2,0.0,0.7744369559164256,0.618934457374114,26.712652329749105,36.0,0.9156463133640572,458.79999999999984,1250.3,2453.7,2.961290322580652,-0.8662641543759917,0.3308792986393207,27.66698924731183,28.0,1.227739055299537,618.5999999999997,1364.3,2657.2,0.0,-0.4855065204375741,-0.1763784075557224,27.091075268817207,18.0,-0.1005916538658482,470.99999999999994,1091.8,2245.7,2.5612903225806463,-0.4616509416342244,-0.0595219952810915,28.482580645161292,62.0,1.240321876600106,0.19,-0.19,-0.64,-0.31,1.05,2.63,0.0,-0.0,144.575,0.20131912500446,558.0750000000002,0.1,0.0,0.35,0.0,0.0,1.0,0.0,1.0,0.0,0.0,1.0,0.0,0.0,0.1,0.0,0.35,835.6,48.69,4.2789998054504395,50.16999816894531,0.3181463473197699,831.2033333333334,48.81666666666666,3.8387715930902067,4.286099910736084,-0.27965705506207694,832.95,46.89,4.290999889373779,46.040000915527344
2017-08-01,710.9000000000001,1354.2,2935.8,0.0,0.9492537905544371,0.8741893842261589,26.62555555555555,37.0,0.9582538402457744,381.89999999999986,1159.5,2493.1,25.122580645161293,-1.3637738600690343,-0.1237030549415706,27.478817204301077,24.0,0.7025508832565279,677.8999999999997,1456.8,2883.2,0.0,-0.1497676436212587,0.18780641971168,26.86204301075269,15.0,-1.356451868919608,458.49999999999994,1154.2,2355.5,0.0,-0.53211437729655,0.1913598631077034,28.13741935483871,53.0,0.2473648873527913,-0.07,-0.02,-0.6,-0.5,0.49,2.28,0.0,-0.0,237.425,0.340287651581898,557.3000000000002,0.1,0.0,0.35,0.0,0.0,1.0,0.0,1.0,0.0,0.0,1.0,0.0,0.0,0.1,0.0,0.35,861.72,51.37,4.26800012588501,47.22999954223633,3.1258975586405002,843.4233333333335,48.98333333333333,5.50421031012529,4.279333273569743,-0.25706193188929083,835.6,48.69,4.2789998054504395,50.16999816894531
2017-09-01,668.0,1379.5,2915.2,0.0,0.6715718873928336,0.9725667785004044,26.718888888888888,41.0,0.8206947004608303,430.39999999999986,1060.1,2525.1,9.31612903225806,-1.0495754739950154,-0.6212724697316857,27.36659498207885,17.0,1.490327764976957,775.2999999999997,1501.6,2928.1,0.0,0.4012618061012033,0.3641882009083979,26.750931899641575,16.0,0.3678303891449062,513.0999999999999,1094.4,2357.8,0.0870967741935544,-0.2212776365780049,-0.0493634584210788,27.771863799283153,39.0,0.4771381848438309,-0.34,0.18,-0.45,-0.58,0.0,1.71,0.0,-0.0,214.7,0.2256049476371486,596.7000000000003,0.1,0.0,0.35,0.0,0.0,1.0,0.0,1.0,0.0,0.0,1.0,0.0,0.0,0.1,0.0,0.35,889.44,55.16,4.224936008453369,51.66999816894531,3.216822169614253,862.2533333333334,51.74,7.377846992408021,4.257311979929606,-1.008999910062347,861.72,51.37,4.26800012588501,47.22999954223633
2017-10-01,670.9,1354.8000000000002,2766.2999999999997,,0.690044450183226,0.8761943749351155,26.87695340501792,43.0,1.201651689708136,497.49999999999983,956.3,2471.4,,-0.6151953551256637,-1.1408832595359275,27.382724014336915,17.0,1.008161098310289,806.3999999999997,1425.0,2837.9,,0.5772948107711042,0.0625082530744104,26.659534050179207,17.0,0.8271959805427578,560.0,1031.0,2393.4,,0.0453999033120521,-0.3045862103953499,27.65573476702509,36.0,0.4247188300051228,-0.6,0.31,-0.19,-0.64,-0.31,1.05,-1.0,-0.0,181.575,0.0797388193692208,633.7000000000002,0.1,0.0,0.35,0.0,0.0,1.0,0.0,1.0,0.0,0.0,1.0,0.0,0.0,0.1,0.0,0.35,880.6,57.62,4.229100227355957,51.66999816894531,-0.993883792048933,877.2533333333334,54.71666666666667,4.4597534445250275,4.240678787231445,0.09856288697049909,889.44,55.16,4.224936008453369,51.66999816894531
2017-11-01,621.5,1332.4,2689.0,,0.3707013988253242,0.7891476931894589,26.7563082437276,31.0,-1.0479925755248338,663.3999999999999,1045.3000000000002,2408.4,,0.4590987834799792,-0.6950539021888689,27.2473835125448,14.0,-2.522439260112648,801.3999999999999,1479.3,2909.7999999999997,,0.5490497661023032,0.2766479758381316,26.638709677419353,17.0,-1.839607782898108,662.6999999999999,1121.2,2457.7,,0.6293771966170024,0.0592003768948101,27.38670250896057,30.0,-3.0791610983102924,-0.77,0.4,-0.02,-0.6,-0.5,0.49,-1.0,-0.0,290.975,0.1778403689936184,687.2500000000002,0.1,0.0,0.35,0.0,0.0,1.0,0.0,1.0,0.0,0.0,1.0,0.0,0.0,0.1,0.0,0.35,886.77,62.57,4.086999893188477,57.400001525878906,0.7006586418351057,885.6033333333335,58.449999999999996,8.590767094758768,4.180345376332601,-3.3600606873373184,880.6,57.62,4.229100227355957,51.66999816894531
2017-12-01,638.3,1306.3,2694.2,,0.4796485943550858,0.6875204816840055,26.606236559139784,24.0,-2.445057091653867,676.0999999999998,1106.5,2443.9,,0.5415351911801499,-0.3884724046320089,27.129175627240144,13.0,-1.7574338837685612,728.6999999999998,1504.0,2859.9,,0.1381331477156104,0.3742230154684808,26.48455197132617,14.0,-0.2384787506400414,749.8999999999999,1263.0,2488.2000000000003,,1.1254500878516165,0.6308361699527806,27.01268817204301,21.0,-2.8093922811059926,-0.86,0.39,0.18,-0.45,-0.58,0.0,-1.0,-0.0,225.7,0.159554628493624,698.2500000000002,0.1,0.0,0.35,0.0,0.0,1.0,0.0,1.0,0.0,0.0,1.0,0.0,0.0,0.1,0.0,0.35,867.19,64.21,4.058899879455566,60.41999816894531,-2.208013351827409,878.1866666666668,61.46666666666666,2.621064407863183,4.125,-0.687546231154601,886.77,62.57,4.086999893188477,57.400001525878906
2018-01-01,748.2,1419.1,2707.7000000000003,,1.191335897256467,1.1272883998846597,26.183655913978495,14.0,-2.3495732206861266,611.7999999999998,1109.3,2359.6,,0.1259371551197535,-0.3739546690092366,26.75390681003584,4.0,-0.9353102278545826,697.6999999999998,1504.1,2868.4,,-0.0369713726757608,0.3748696149940911,26.34584229390681,7.0,-0.7516776753712264,887.5,1447.5,2539.2999999999997,,1.9085481241963331,1.3745245215235884,26.227741935483873,5.0,-3.770897657450078,-0.77,0.19,0.31,-0.19,-0.64,-0.31,-1.0,-0.0,219.62500000000003,0.4153942677334412,736.3000000000003,0.1,0.0,0.35,0.0,0.0,1.0,0.0,1.0,0.0,0.0,1.0,0.0,0.0,0.1,0.0,0.35,870.5,68.99,3.8984999656677246,64.7300033569336,0.3816925933186388,874.82,65.25666666666666,7.444323314125523,4.014799912770589,-3.951807596923451,867.19,64.21,4.058899879455566,60.41999816894531
2018-02-01,703.0999999999999,1324.6,2678.7999999999997,,0.8997009895345985,0.7593025412310451,26.12246543778802,13.0,-0.6712466077828978,407.99999999999983,1071.4,2230.9,,-1.1935928077157496,-0.5635113277470112,26.817319508448534,6.0,0.3359954557091669,613.7999999999997,1415.2,2872.0,,-0.5114874399398185,0.0247451120933829,26.354493087557604,5.0,0.6805698284690216,637.0999999999999,1299.8000000000002,2454.0,,0.4857993972270443,0.7803169985367787,26.204646697388636,1.0,2.45184619815668,-0.71,-0.07,0.4,-0.02,-0.6,-0.5,-1.0,-0.0,145.17499999999998,0.5347504574542636,590.5000000000002,0.1,0.0,0.35,0.0,0.0,1.0,0.0,1.0,0.0,0.0,1.0,0.0,0.0,0.1,0.0,0.35,843.56,65.42,3.9149999618530273,61.63999938964844,-3.094773118897187,860.4166666666666,66.20666666666666,-5.174662994636892,3.9574666023254395,0.42323961345673844,870.5,68.99,3.8984999656677246,64.7300033569336
2018-03-01,597.1,1235.4,2614.9,,0.2139361503717629,0.4118910958188913,26.160099846390167,14.0,1.9533117639528932,463.09999999999985,1139.2,2199.2999999999997,,-0.8368268071446852,-0.2240269099098952,26.792588325652844,7.0,0.4213948412698443,662.4999999999998,1391.2,2892.7999999999997,,-0.2361152565756001,-0.0696484812192591,26.388901689708145,6.0,0.4050821172555032,499.19999999999993,1249.1,2343.5,,-0.2986085662399934,0.5760529258883357,26.73582949308756,19.0,3.7042578725038418,-0.57,-0.34,0.39,0.18,-0.45,-0.58,-1.0,0.0,190.675,0.3438088160351192,555.4750000000003,0.1,0.0,0.35,0.0,0.0,1.0,0.0,1.0,0.0,0.0,1.0,0.0,0.0,0.1,0.0,0.35,836.68,66.45,3.859999895095825,64.94000244140625,-0.8155910664327415,850.2466666666668,66.95333333333333,1.5744420666462977,3.891166607538859,-1.4048548478444944,843.56,65.42,3.9149999618530273,61.63999938964844
2018-04-01,483.9,1232.1,2586.9,,-0.5188989211671041,0.3991540081956424,26.47303891449053,24.0,1.5491728750640057,570.5999999999999,1182.4,2138.7,,-0.1413558498586357,-0.0076972770541767,27.062695852534564,12.0,0.2346520097286237,757.3999999999997,1455.1,2880.1000000000004,,0.3002145361570328,0.1819099943904219,26.63223502304147,9.0,0.3714656298003085,322.29999999999995,1209.8,2240.8,,-1.3053435045573254,0.4176227216203512,27.72407322068613,44.0,2.64308762160778,-0.39,-0.6,0.19,0.31,-0.19,-0.64,0.0,0.0,197.7,0.2979002433072755,533.5500000000002,0.1,0.0,0.35,0.0,0.0,1.0,0.0,1.0,0.0,0.0,1.0,0.0,0.0,0.1,0.0,0.35,831.85,71.63,3.9165000915527344,64.94000244140625,-0.5772816369460143,837.3633333333333,67.83333333333333,7.7953348382242105,3.897166649500529,1.4637356992857287,836.68,66.45,3.859999895095825,64.94000244140625
2018-05-01,560.9,1264.0,2596.4,,-0.0213876901564848,0.5231512399713442,26.798960573476705,43.0,2.0801352406554017,696.4999999999999,1104.5,2149.8,,0.6736272756041669,-0.3976901052611875,27.11849462365591,17.0,-1.3622780977982585,784.1999999999997,1398.0,2877.2999999999997,,0.4516235894398085,-0.0431027998947432,26.733655913978495,11.0,-1.391034370199696,427.9999999999999,1065.1,2186.3,,-0.7057697704884633,-0.1655358766394349,28.354910394265232,64.0,0.7796467613927298,-0.13,-0.77,-0.07,0.4,-0.02,-0.6,0.0,0.0,229.025,0.1804677053928332,617.4000000000002,0.1,0.0,0.35,0.0,0.0,1.0,0.0,1.0,0.0,0.0,1.0,0.0,0.0,0.1,0.0,0.35,793.25,76.65,3.984999895095825,67.04000091552734,-4.64025966219872,820.5933333333334,71.57666666666667,7.008236772302112,3.9204999605814614,1.7490055391760073,831.85,71.63,3.9165000915527344,64.94000244140625
2018-06-01,518.8,1115.9,2422.2000000000003,73.33870967741933,-0.2943156794304975,-0.0542597752946492,27.123620071684584,61.0,2.2260160650281655,558.2999999999998,1021.4,2127.9,27.31935483870967,-0.2214512928473792,-0.8137823790732408,27.316989247311824,22.0,-0.1175487071172547,677.9999999999998,1340.5,2844.5,35.98387096774192,-0.1493251765384639,-0.2698354099520625,26.94007168458781,14.0,0.0345400025601634,411.19999999999993,910.4,2173.4,33.33870967741936,-0.8014619856787045,-0.7890217586699266,28.497741935483873,64.0,0.43212794418843,0.06,-0.86,-0.34,0.39,0.18,-0.45,0.0,28.60209677419354,114.85,0.1600282589562049,541.5750000000003,0.1,0.0,0.35,0.0,0.0,1.0,0.0,1.0,0.0,0.0,1.0,0.0,0.0,0.1,0.0,0.35,788.57,75.19,4.040500164031982,74.1500015258789,-0.5899779388591209,804.5566666666668,74.49,-1.9047619047619202,3.980666716893514,1.392729495537992,793.25,76.65,3.984999895095825,67.04000091552734
2018-07-01,454.9,938.8,2357.8999999999996,57.88064516129033,-0.7080077265954957,-0.7448014879308175,27.306379928315412,67.0,0.6547418714797715,461.29999999999984,1031.9,2141.2000000000003,0.0,-0.849498419852362,-0.761666681754066,27.35118279569892,23.0,0.7051770993343567,562.1999999999998,1319.6,2823.7000000000003,8.487096774193532,-0.8043854347037576,-0.3525196991743586,27.031146953405017,21.0,1.964099142345109,380.69999999999993,703.0,2150.5,25.46129032258064,-0.9745969579462108,-1.6248723240050449,28.39551971326165,58.0,1.0108161162314389,0.14,-0.77,-0.6,0.19,0.31,-0.19,0.0,10.997322580645164,120.9,0.1868923055654482,464.7750000000002,0.1,0.0,0.6,0.0,0.0,1.0,0.0,1.0,0.0,0.0,1.0,0.0,0.0,0.1,0.0,0.35,780.45,74.44,4.055500030517578,74.1500015258789,-1.0297120103478496,787.4233333333335,75.42666666666666,-0.9974730682271615,4.027000029881795,0.37123786354775756,788.57,75.19,4.040500164031982,74.1500015258789
2018-08-01,343.79999999999995,904.7,2229.3,39.7741935483871,-1.4266999303563748,-0.8780165556198953,27.30853046594982,68.0,2.035171979006659,350.49999999999983,1047.0,2118.4,47.92258064516129,-1.567051682246229,-0.6863576221473588,27.474838709677417,28.0,1.6704459165386574,370.2999999999998,1154.5,2569.7000000000003,107.58709677419355,-1.8899876876349275,-1.0030949363533983,27.21824372759857,32.0,3.691867959549409,301.19999999999993,729.2,2029.0,78.18387096774194,-1.4261718619124568,-1.520026099264141,28.305197132616488,61.0,2.468450524833589,0.27,-0.71,-0.77,-0.07,0.4,-0.02,0.0,-2.7841935483870976,105.7,0.2416189244912511,341.4500000000002,0.1,0.0,0.35,0.0,0.0,1.0,0.0,1.0,0.0,0.0,1.0,0.0,0.0,0.1,0.0,0.6,761.82,73.13,4.113399982452393,69.80000305175781,-2.387084374399384,776.9466666666667,74.25333333333333,-1.759806555615262,4.069800059000651,1.4276895943562629,780.45,74.44,4.055500030517578,74.1500015258789
2018-09-01,459.1,977.9,2213.3,0.0,-0.6803613068606446,-0.5928861083739484,27.04408602150538,59.0,1.2345689324116726,406.1999999999998,964.5,2103.7,24.01612903225805,-1.2062366207343025,-1.0993201474188563,27.360394265232973,29.0,1.7528581029185872,417.5999999999998,1095.6,2486.7999999999997,37.67741935483872,-1.622293814634291,-1.2351747471694057,27.101577060931906,34.0,0.9035516513056868,379.99999999999994,791.2,2040.3,0.0,-0.9778567111827756,-1.2702188303638997,27.95519713261649,58.0,1.1420087685611904,0.53,-0.57,-0.86,-0.34,0.39,0.18,1.0,-0.0,189.125,0.1275319334575083,415.72500000000025,0.1,0.0,0.35,0.0,0.0,1.0,0.0,1.0,0.0,0.0,1.0,0.0,0.0,0.1,0.0,0.35,754.05,78.86,4.136000156402588,73.25,-1.0199259667638128,765.44,75.47666666666667,7.835361684671138,4.101633389790853,0.5494280655080175,761.82,73.13,4.113399982452393,69.80000305175781
2018-10-01,502.1,957.0,2189.1,,-0.4018777283790667,-0.6743208045136377,26.866666666666664,57.0,0.7520581797235053,635.7999999999997,1097.1,2279.5,,0.2806091768553909,-0.4355060124501578,27.141039426523296,27.0,-0.3509644777265777,575.1999999999998,1137.4,2592.5,,-0.7305496938962832,-1.0703473216565162,26.832759856630823,25.0,-1.0691902841781855,516.6999999999999,897.4000000000001,2107.2000000000003,,-0.2006652212391831,-0.8422894652157967,27.674551971326167,53.0,-0.87738370455709,0.81,-0.39,-0.77,-0.6,0.19,0.31,1.0,-0.0,262.625,0.3470650245417054,557.4500000000003,0.1,0.0,0.35,0.0,0.0,1.0,0.0,1.0,0.0,0.0,1.0,0.0,0.0,0.1,0.0,0.35,751.58,80.47,4.179999828338623,65.30999755859375,-0.32756448511370717,755.8166666666667,77.48666666666666,2.0415926959168162,4.143133322397868,1.0638218150916368,754.05,78.86,4.136000156402588,73.25
2018-11-01,557.4,901.2,2165.2,,-0.0438676091404194,-0.8915559839525085,26.71089605734767,41.0,-0.9459624295954931,804.8999999999997,1155.4,2259.9,,1.3758095142381976,-0.1436011982093968,26.902616487455195,20.0,-1.9985352662570437,811.2999999999998,1181.6,2579.6000000000004,,0.6051343780151088,-0.8961895149432393,26.578924731182795,14.0,-0.8305048003072173,669.5999999999999,970.8,2035.9,,0.6687258299966062,-0.5462976276679766,27.30046594982079,35.0,-1.673971518177165,0.97,-0.13,-0.71,-0.77,-0.07,0.4,1.0,-0.0,259.05,0.2065009869492988,710.8000000000002,0.1,0.0,0.35,0.0,0.0,1.0,0.0,1.0,0.0,0.0,1.0,0.0,0.0,0.1,0.0,0.35,729.22,65.17,4.18179988861084,50.93000030517578,-2.9750658612523018,744.9500000000002,74.83333333333333,-19.01329688082515,4.165933291117351,0.043063644644503185,751.58,80.47,4.179999828338623,65.30999755859375
2018-12-01,539.2,998.3,2114.2,,-0.1615403825192647,-0.5129168870366376,26.677562724014336,33.0,-2.191414042498721,883.7999999999997,1290.0,2311.4,,1.886762476309538,0.5302376842778068,26.820716845878135,13.0,-2.6569384920634924,921.7999999999996,1339.4,2679.9,,1.2303451707132336,-0.2743677495055556,26.407455197132617,6.0,-1.4378220046082948,689.1999999999999,1069.2,1979.6,,0.7804510522996819,-0.1495504454486361,27.07752688172043,25.0,-2.761487647209421,0.92,0.06,-0.57,-0.86,-0.34,0.39,1.0,-0.0,236.825,0.193975494953567,758.5000000000002,0.1,0.0,0.35,0.0,0.0,1.0,0.0,1.0,0.0,0.0,1.0,0.0,0.0,0.1,0.0,0.35,727.88,56.46,4.151000022888184,45.40999984741211,-0.18375798798716536,736.2266666666668,67.36666666666666,-13.365045266226794,4.170933246612549,-0.7365217500373444,729.22,65.17,4.18179988861084,50.93000030517578
2019-01-01,796.1,1298.1999999999998,2237.0,,1.5008136472886031,0.6560300171517184,26.394767025089607,15.0,-3.795822644649259,690.9999999999998,1326.8,2358.7,,0.6383865807684835,0.7145645785389609,26.917491039426523,11.0,0.118357206861237,823.4999999999998,1398.7,2718.2999999999997,,0.6742855659165724,-0.0405959412135789,26.48164874551971,5.0,-0.5883327572964667,534.7,1051.4,1754.4,,-0.0973738511012528,-0.2208417757684569,27.045268817204303,16.0,-0.2918102278545831,0.89,0.14,-0.39,-0.77,-0.6,0.19,1.0,-0.0,215.45,0.627580372542642,711.3250000000003,0.1,0.0,0.35,0.0,0.0,1.0,0.0,1.0,0.0,0.0,1.0,0.0,0.0,0.1,0.0,0.35,747.79,59.27,4.0879998207092285,53.790000915527344,2.7353409902731274,734.9633333333335,60.300000000000004,4.976974849450944,4.140266577402751,-1.5177114389684054,727.88,56.46,4.151000022888184,45.40999984741211
2019-02-01,661.6,1219.0,2123.7000000000003,,0.6310562392730725,0.3478097897676511,26.227227342549924,7.0,0.9657883384536632,548.1999999999998,1353.1,2400.1,,-0.286441406568637,0.8462550178024046,27.099078341013826,7.0,1.783115271377369,825.7999999999997,1637.1,2791.6,,0.6874398265610715,0.8987395393369149,26.388632872503837,4.0,-1.0716180875576065,344.09999999999997,1013.7,1742.9,,-1.1811499725015,-0.3727177414904314,27.524078341013823,33.0,2.729077828981051,0.86,0.27,-0.13,-0.71,-0.77,-0.07,1.0,-0.0,142.64999999999998,0.8600377024146948,594.9250000000002,0.1,0.0,0.35,0.0,0.0,1.0,0.0,1.0,0.0,0.0,1.0,0.0,0.0,0.1,0.0,0.35,772.82,64.13,4.064000129699707,57.220001220703125,3.3471964054079484,749.4966666666668,59.95333333333334,8.199763792812531,4.10099999109904,-0.5870766160003815,747.79,59.27,4.0879998207092285,53.790000915527344
2019-03-01,558.5,1097.7,2075.6,,-0.0361401451230338,-0.1249089829186245,26.370238095238093,17.0,2.654163914490528,433.1999999999998,1317.0,2281.5,,-1.0314293413805944,0.6653561315984202,27.356067588325654,16.0,2.6234455325140793,660.8999999999996,1582.7,2678.3,,-0.2456468900091397,0.684333726631166,26.694009216589865,13.0,2.3371299923195075,261.29999999999995,950.5,1741.7,,-1.6530709047158607,-0.627889760930606,28.411175115207374,59.0,4.082994879672302,0.84,0.53,0.06,-0.57,-0.86,-0.34,1.0,-0.0,120.375,0.1265966115819554,478.47500000000025,0.05,0.0,0.35,0.0,0.0,1.0,0.0,1.0,0.0,0.0,1.0,0.0,0.0,0.1,0.0,0.35,750.33,66.41,4.079999923706055,60.13999938964844,-2.91012137367046,756.9800000000001,63.27,3.555278340870105,4.077333291371663,0.3936957060955981,772.82,64.13,4.064000129699707,57.220001220703125
2019-04-01,233.1,1029.2,1986.2,,-2.1425651631975007,-0.3923684575068192,27.172137736815156,45.0,2.8474273553507388,464.99999999999983,1156.0,2253.1,,-0.8260142027571591,-0.1408073108626586,27.60667690732207,22.0,-0.0415257936507948,710.0999999999997,1533.6,2671.0,,0.0323264150962068,0.490673506832938,26.87089093701997,20.0,0.6180932539682509,290.29999999999995,825.0,1722.4,,-1.4894094213294269,-1.133821722586356,29.094078341013823,80.0,1.007425883256527,0.77,0.81,0.14,-0.39,-0.77,-0.6,1.0,-0.0,161.6,0.5036989338866613,424.62500000000017,0.05,0.0,0.35,0.0,0.0,1.0,0.0,1.0,0.0,0.0,1.0,0.0,0.0,0.05,0.0,0.35,733.77,71.2,4.13129997253418,63.90999984741211,-2.207028907280806,752.3066666666667,67.24666666666667,7.212769161270893,4.0917666753133135,1.2573541614561368,750.33,66.41,4.079999923706055,60.13999938964844
2019-05-01,404.1,1065.7,1966.9,,-1.037484808154395,-0.2506358214338787,27.770716845878137,71.0,1.758029505888377,527.6999999999998,1075.9,2231.2999999999997,,-0.4204668410841901,-0.542188718563908,27.810824372759857,35.0,0.5315656041986685,532.6999999999998,1358.5,2540.1,,-0.9716740298512754,-0.1993550564272924,27.31236559139785,32.0,0.9643835765488972,387.19999999999993,731.3,1702.1,,-0.939391065442222,-1.5119496213094807,29.43881720430107,87.0,0.8012430875576051,0.64,0.97,0.27,-0.13,-0.71,-0.77,1.0,-0.0,180.95,0.2340669650264499,462.9250000000003,0.1,0.0,0.35,0.0,0.0,1.0,0.0,1.0,0.0,0.0,1.0,0.0,0.0,0.05,0.0,0.35,742.53,70.53,4.184000015258789,53.5,1.193834580318076,742.21,69.38000000000001,-0.9410112359550582,4.131766637166341,1.2756285690937785,733.77,71.2,4.13129997253418,63.90999984741211
2019-06-01,517.5,1076.0,2074.3,0.0,-0.3041274557502932,-0.2107877381111254,27.885483870967743,69.0,-0.6158387736815136,578.7999999999998,1012.0,2302.0,0.0,-0.0895590481351747,-0.8622547137654596,27.765734767025094,27.0,-1.342701420890938,633.0999999999997,1294.0,2633.4,0.0,-0.4038094611967299,-0.4536969694199157,27.28401433691756,27.0,-1.3674399001536075,469.6,730.9000000000001,1800.1,0.0,-0.4706914923094425,-1.5142317159585024,29.137992831541215,75.0,-1.9211189196108585,0.52,0.92,0.53,0.06,-0.57,-0.86,1.0,0.0,207.2,0.1167401775639997,549.7500000000002,0.2,-0.4,0.72,0.0,0.0,0.0,1.0,0.0,0.0,1.0,0.0,0.0,1.0,0.1,0.0,0.35,742.89,63.3,4.139999866485596,58.470001220703125,0.04848288958021474,739.73,68.34333333333335,-10.25095703955764,4.1517666180928545,-1.0516287909351663,742.53,70.53,4.184000015258789,53.5
2019-07-01,589.5,822.6,2120.7999999999997,11.380645161290346,0.1626254024447911,-1.1983457321383075,27.343799283154123,55.0,0.2825268177163345,459.1999999999998,924.2,2251.0,40.661290322580655,-0.8636787585768194,-1.301838688828228,27.668888888888887,24.0,1.6394061059907834,443.19999999999976,1153.3,2552.0,89.88709677419354,-1.4776442199627149,-1.007937520701812,27.18455197132616,24.0,1.821011712749616,438.2999999999999,728.5999999999999,1780.0,45.561290322580646,-0.6481599123650421,-1.524012909390876,28.90885304659498,74.0,0.8906875320020511,0.33,0.89,0.81,0.14,-0.39,-0.77,0.0,1.5932903225806485,94.4,0.3952705128958835,482.55000000000024,0.1,0.0,0.35,0.0,0.0,1.0,0.0,1.0,0.0,0.0,1.0,0.0,0.0,0.2,-0.4,0.72,748.17,64.0,4.122499942779541,58.58000183105469,0.7107377942898729,744.5300000000001,65.94333333333333,1.1058451816745807,4.148833274841309,-0.42270348479286346,742.89,63.3,4.139999866485596,58.470001220703125
2019-08-01,493.6,897.7,2116.7000000000003,43.8741935483871,-0.4574189642431451,-0.9062134514229608,27.171756272401435,54.0,1.9988709037378385,314.09999999999985,841.8000000000001,2194.9,104.0225806451613,-1.8031176525747268,-1.7145136938513463,27.6968458781362,24.0,2.7349437403993875,352.7999999999998,885.5,2522.6,136.98709677419356,-1.9887335255810576,-2.0630510391826538,27.075949820788537,24.0,2.617705261136713,371.19999999999993,758.4,1772.1,86.08387096774194,-1.028871936355011,-1.404071895587945,28.575519713261645,67.0,1.159666026625704,0.19,0.86,0.97,0.27,-0.13,-0.71,0.0,11.846032258064517,81.32499999999999,0.4494929679100647,382.92500000000024,0.1,0.0,0.35,0.0,0.0,1.0,0.0,1.0,0.0,0.0,1.0,0.0,0.0,0.1,0.0,0.35,793.21,59.25,4.2154998779296875,55.099998474121094,6.020022187470775,761.4233333333335,62.18333333333334,-7.421875,4.159333229064941,2.2559111325891834,748.17,64.0,4.122499942779541,58.58000183105469
2019-09-01,355.9,873.4,1971.1,103.78387096774192,-1.3484089127451029,-1.0011539731960128,27.29731182795699,67.0,2.510041154633896,246.79999999999984,825.6,2142.6,76.31612903225806,-2.2388509167401747,-1.7955392378835069,27.712401433691756,37.0,2.231803059395805,205.49999999999977,838.6,2421.3,138.9774193548387,-2.822035588022892,-2.2479025886714212,27.22372759856631,37.0,3.5544893113159226,281.5999999999999,751.1999999999999,1701.7,59.18709677419355,-1.5380586394211333,-1.4327540326099888,28.621075268817204,72.0,1.9318093958013307,0.23,0.84,0.92,0.53,0.06,-0.57,0.0,55.00545161290323,96.725,0.1879261884465174,272.4500000000002,0.1,0.0,0.35,0.0,0.0,1.0,0.0,1.0,0.0,0.0,1.0,0.0,0.0,0.1,0.0,0.35,779.25,62.33,4.190499782562256,55.099998474121094,-1.759937469270434,773.5433333333334,61.85999999999999,5.198312236286906,4.176166534423828,-0.5930517398024415,793.21,59.25,4.2154998779296875,55.099998474121094
2019-10-01,412.7999999999999,1002.3,2031.5,,-0.9803318384268194,-0.4983443300979698,27.29731182795699,71.0,-0.170415834613415,334.5999999999998,793.8,1949.8,,-1.6699820920609592,-1.9541892729274384,27.46831541218638,33.0,0.0050880056323592,434.2999999999998,877.5,2411.1,,-1.5278013579452918,-2.0944156671474197,27.072114695340503,34.0,-1.2214891833077317,492.69999999999993,931.0,1756.0,,-0.3380076465201136,-0.7083299126737385,28.271612903225805,67.0,-0.8160239375320018,0.39,0.77,0.89,0.81,0.14,-0.39,0.0,0.0,240.55,0.2760644515272988,418.60000000000025,0.1,0.0,0.35,0.0,0.0,1.0,0.0,1.0,0.0,0.0,1.0,0.0,0.0,0.1,0.0,0.35,770.8,59.37,4.175099849700928,54.18000030517578,-1.0843760025665783,781.0866666666667,60.31666666666666,-4.7489170543879355,4.193699836730957,-0.3674963288486821,779.25,62.33,4.190499782562256,55.099998474121094
2019-11-01,414.6,908.2,1973.9,,-0.968547212483165,-0.8646930332808697,27.2205376344086,68.0,-0.6259230030721952,478.1999999999998,792.3,1868.2,,-0.7396534470699111,-1.961231100390585,27.11351254480287,23.0,-1.0417542882744488,671.3999999999997,1024.2,2382.7000000000003,,-0.1865965894920211,-1.5163205104677493,26.903369175627244,25.0,-0.7155017281105955,642.6999999999999,1013.9,1745.1999999999998,,0.5151369060225949,-0.3736464085594837,27.75584229390681,50.0,-2.5650311059907835,0.58,0.64,0.86,0.97,0.27,-0.13,1.0,0.0,214.45,0.2971162789187486,551.7250000000003,0.1,0.0,0.35,0.0,0.0,1.0,0.0,1.0,0.0,0.0,1.0,0.0,0.0,0.1,0.0,0.35,770.2,62.74,4.171999931335449,55.16999816894531,-0.07784120394394023,773.4166666666666,61.48,5.676267475155816,4.179199854532878,-0.07424776597140248,770.8,59.37,4.175099849700928,54.18000030517578
2019-12-01,616.2,972.1,2048.1,,0.3363916581824055,-0.6153757751091615,26.7694623655914,45.0,-5.0292240783410165,714.8999999999997,961.7,1973.7,,0.7934288146120698,-1.1130279062132435,26.74519713261649,7.0,-3.5984209549411172,1025.8999999999996,1231.4,2525.3999999999996,,1.818925355403799,-0.6999827033198108,26.51189964157706,7.0,-3.0431522657450074,652.4999999999999,934.1,1665.0,,0.5719810821899788,-0.6940976324117931,27.03799283154122,26.0,-3.476418202764977,0.66,0.52,0.84,0.92,0.53,0.06,1.0,0.0,297.375,0.4527245267656254,752.3750000000002,0.1,0.0,0.35,0.0,0.0,1.0,0.0,1.0,0.0,0.0,1.0,0.0,0.0,0.1,0.0,0.35,833.52,65.85,4.10699987411499,55.16999816894531,8.221241236042577,791.5066666666668,62.65333333333333,4.956965253426837,4.151366551717122,-1.5580071498144221,770.2,62.74,4.171999931335449,55.16999816894531
2020-01-01,591.1999999999999,1004.0,1826.6,,0.1748937917881595,-0.4909552030112649,26.645806451612906,33.0,-3.175890745007681,658.4999999999998,993.1,1917.3,,0.427930589926527,-0.9558312505396264,26.94304659498208,6.0,-0.4309478366615451,969.7999999999996,1404.1,2557.4,,1.501491773669387,-0.0197354978041976,26.61082437275986,6.0,-2.5258404377880197,490.6,983.3,1711.9,,-0.3481276229199249,-0.4957792267873742,27.151971326164873,22.0,-1.239240783410139,0.64,0.33,0.77,0.89,0.81,0.14,1.0,0.0,165.7,0.3581664554153501,677.5250000000003,0.1,0.0,0.35,0.0,0.0,1.0,0.0,1.0,0.0,0.0,1.0,0.0,0.0,0.1,0.0,0.35,875.64,63.6,4.084000110626221,51.560001373291016,5.0532680679527875,826.4533333333334,64.06333333333333,-3.4168564920273203,4.120999972025554,-0.5600137373689473,833.52,65.85,4.10699987411499,55.16999816894531
2020-02-01,580.3,994.9,1892.6,,0.1050436986236194,-0.5259274479112007,26.280978865406,11.0,-2.0772969039673725,564.0999999999998,1042.3,1884.1,,-0.1834650992459783,-0.709309904581379,27.07641824249166,3.0,0.4721244592757401,928.5999999999996,1600.0,2485.5,,1.2684711755883231,0.7520076274393859,26.61779755283648,2.0,-0.8491640711902093,345.5,988.2,1746.6,,-1.1726913469632094,-0.4755318237095653,27.213274008157217,22.0,0.2693274008157225,0.63,0.19,0.64,0.86,0.97,0.27,1.0,0.0,141.55,0.4914613015023123,604.6250000000002,0.1,0.0,0.35,0.0,0.0,1.0,0.0,1.0,0.0,0.0,1.0,0.0,0.0,0.1,0.0,0.35,800.41,55.0,4.208499908447266,44.7599983215332,-8.591430268146727,836.5233333333334,61.48333333333333,-13.52201257861635,4.133166631062825,3.048476847419934,875.64,63.6,4.084000110626221,51.560001373291016
2020-03-01,440.1,1056.3,1929.7,,-0.8023194101087967,-0.286471578905401,26.51968854282536,20.0,1.588458565072301,429.7999999999998,1144.7,1970.3,,-1.0537347885119468,-0.1969845255665854,27.516203188728216,17.0,0.8706172290198992,733.0999999999998,1759.0,2597.6,,0.1624157113739902,1.3783990625560154,26.865109380793474,8.0,-0.6520691509084173,378.6,1031.1,1782.3,,-0.9856966207177946,-0.3027899963233524,27.88316648127549,46.0,2.534477567667782,0.53,0.23,0.52,0.84,0.92,0.53,1.0,0.0,188.15,0.2706739363589825,495.4000000000002,0.1,0.0,0.35,0.0,0.0,1.0,0.0,1.0,0.0,0.0,1.0,0.0,0.0,0.1,0.0,0.35,747.8,32.98,4.330999851226807,44.7599983215332,-6.572881398283381,807.9500000000002,50.526666666666664,-40.03636363636364,4.207833290100098,2.9107745145404484,800.41,55.0,4.208499908447266,44.7599983215332
2020-04-01,337.79999999999995,929.0,1931.3,,-1.4649525505580758,-0.7828373670479921,26.997251266839697,40.0,3.013185267581264,629.0999999999998,1287.6,2081.4,,0.236461329736641,0.5177668513830419,27.562618959337534,24.0,-1.7484239896180949,798.4999999999998,1768.3000000000002,2645.8,,0.5320270811815022,1.414735846921296,27.030593251761218,14.0,-0.3603092942775916,464.9,955.5,1886.5,,-0.4955535905105885,-0.6073888755879101,28.01667902607836,49.0,0.4276218329007548,0.3,0.39,0.33,0.77,0.89,0.81,0.0,0.0,227.87500000000003,0.4714115818838156,557.5750000000003,0.75,-0.55,0.78,0.0,0.0,1.0,0.0,0.0,1.0,0.0,0.0,0.0,1.0,0.1,0.0,0.35,679.98,23.34,4.3414998054504395,18.84000015258789,-9.06926985825086,742.7300000000001,37.10666666666667,-29.229836264402664,4.293666521708171,0.242437187354283,747.8,32.98,4.330999851226807,44.7599983215332
2020-05-01,337.5,917.8,1826.0,,-1.4682658988819015,-0.8269029694777427,27.747455197132613,68.0,1.3715616116672855,715.0999999999997,1279.1999999999998,2071.5,,0.792862042877187,0.4752581194849997,27.76254480286738,37.0,-1.5700368928438984,782.8999999999999,1711.5,2735.7000000000003,,0.4433923168658966,1.1907339876058096,27.285913978494623,23.0,-0.7419652082560901,753.0,1098.5,2112.4,,1.140949573806771,-0.0321898353525619,28.322759856630825,58.0,-1.7896792423680647,0.01,0.58,0.19,0.64,0.86,0.97,0.0,0.0,231.1,0.4660640948084457,647.1250000000002,0.1,0.0,0.35,0.0,0.0,1.0,0.0,1.0,0.0,0.0,1.0,0.0,0.0,0.75,-0.55,0.78,684.78,31.02,4.3480000495910645,35.4900016784668,0.7059031147974792,704.1866666666668,29.113333333333333,32.90488431876606,4.3401665687561035,0.14972346958219696,679.98,23.34,4.3414998054504395,18.84000015258789
2020-06-01,419.3,859.4,1831.5,0.0,-0.9389334251499124,-1.0545870057849187,27.647598566308243,67.0,-2.632507384748486,667.0999999999998,1096.9,2058.6,0.0,0.4824120218465327,-0.43738702072861,27.596630824372756,26.0,-2.1260485415894212,784.6999999999998,1517.8,2749.2,0.0,0.4537105444064871,0.4276589481993717,27.1989605734767,22.0,-2.1197707638116423,755.7,1134.3000000000002,2068.4,0.0,1.1566359020093857,0.1113947008944299,28.111827956989245,44.0,-2.067855765665554,-0.23,0.66,0.23,0.52,0.84,0.92,0.0,0.0,197.725,0.2201272361217432,656.7000000000003,0.1,0.0,0.35,0.0,0.0,1.0,0.0,1.0,0.0,0.0,1.0,0.0,0.0,0.1,0.0,0.35,755.71,39.93,4.28249979019165,39.27000045776367,10.358071205350639,706.8233333333334,31.429999999999996,28.72340425531914,4.323999881744385,-1.506445691176439,684.78,31.02,4.3480000495910645,35.4900016784668
2020-07-01,506.8,844.6,1848.6,0.0,-0.3720565445660337,-1.112260034712346,27.179713261648743,52.0,-0.7905934062538655,487.0999999999998,1116.2,2109.3,0.0,-0.6825088492627792,-0.3405546866075881,27.37172043010753,22.0,-1.7156130577184534,905.2999999999998,1703.8000000000002,3107.8999999999996,0.0,1.1362994920814558,1.1604147329381882,26.86573476702509,15.0,-1.772190118650352,694.1,1159.0,2142.3,0.0,0.8068639837068737,0.2108372514584149,27.96326164874552,41.0,-1.1629686688913594,-0.36,0.64,0.39,0.33,0.77,0.89,0.0,0.0,219.5,0.6371608552303981,648.3250000000003,0.1,0.0,0.35,0.0,0.0,1.0,0.0,1.0,0.0,0.0,1.0,0.0,0.0,0.1,0.0,0.35,821.11,42.81,4.236999988555908,40.27000045776367,8.65411335035926,753.8666666666668,37.919999999999995,7.212622088655163,4.289166609446208,-1.062458934381083,755.71,39.93,4.28249979019165,39.27000045776367
2020-08-01,608.0,945.5,1940.4,0.0,0.2834548593363306,-0.7194477279381979,26.710896057347668,42.0,1.119057131380547,410.89999999999975,1126.0,2168.3,45.0225806451613,-1.1755188800387604,-0.2915564377511248,27.20182795698925,13.0,1.3218600605611144,839.6999999999998,1622.6,3222.6,22.287096774193543,0.765644763551322,0.840564009496379,26.64637992831541,10.0,1.3428098813496483,431.9,1184.9,2173.1000000000004,55.28387096774193,-0.6832146297997805,0.3145682157588793,28.11272401433692,52.0,1.473590470893587,-0.53,0.63,0.58,0.19,0.64,0.86,-1.0,0.0,155.4,0.3201250240923703,572.6250000000002,0.1,0.0,0.35,0.0,0.0,1.0,0.0,1.0,0.0,0.0,1.0,0.0,0.0,0.1,0.0,0.35,866.94,44.26,4.163000106811523,42.61000061035156,5.581468987102833,814.5866666666667,42.333333333333336,3.387059098341494,4.227499961853027,-1.7465159769709193,821.11,42.81,4.236999988555908,40.27000045776367
2020-09-01,580.5,999.8,2056.1,0.0,0.1056199857955284,-0.5077442707204373,26.678673835125448,45.0,0.967725590161912,467.5999999999998,1134.6999999999998,2279.4,0.0,-0.8080953954682856,-0.247518420796456,27.012939068100355,15.0,-0.6529687924854759,921.1999999999998,1705.9,3464.8999999999996,0.0,1.226768669625721,1.1688778722050794,26.523046594982077,10.0,-0.7209562476826097,556.0,1311.7,2342.8,0.0,0.0220719161999726,0.8253241720614047,28.02383512544803,57.0,-0.3425197441601817,-0.85,0.53,0.66,0.23,0.52,0.84,-1.0,0.0,256.42499999999995,0.2444014444299591,631.3250000000002,0.1,0.0,0.35,0.0,0.0,1.0,0.0,1.0,0.0,0.0,1.0,0.0,0.0,0.1,0.0,0.35,905.86,41.09,4.15500020980835,40.220001220703125,4.489353357787151,864.6366666666668,42.72,-7.162223226389508,4.185000101725261,-0.1921666297842406,866.94,44.26,4.163000106811523,42.61000061035156
2020-10-01,624.0,1130.8000000000002,2059.8,,0.3870918769294232,0.0032076327958468,26.635663082437276,37.0,-2.1056776356445432,496.5999999999998,983.7,2271.3,,-0.6207482886364191,-1.0031405531177682,27.232293906810032,19.0,1.2987086268693613,826.5999999999999,1731.9,3500.2000000000003,,0.691462055124281,1.2714457766521607,26.706917562724016,17.0,1.4587373007044846,556.6,1250.6999999999998,2206.2000000000003,,0.0254111794176952,0.5799022590136911,28.066845878136203,53.0,-1.0595089914720042,-1.12,0.3,0.64,0.39,0.33,0.77,-1.0,0.0,214.12500000000003,0.3888847054390082,625.9500000000002,0.1,0.0,0.35,0.0,0.0,1.0,0.0,1.0,0.0,0.0,1.0,0.0,0.0,0.1,0.0,0.35,914.77,40.47,4.1545000076293945,35.790000915527344,0.9835956991146588,895.8566666666667,41.94,-1.5088829398880566,4.157500108083089,-0.012038559655769276,905.86,41.09,4.15500020980835,40.220001220703125
2020-11-01,723.6,1331.6,2249.4,,1.0318759274407423,0.7863624621721671,26.365770609318997,26.0,-2.9064921517735787,811.5999999999998,1222.5,2501.7,,1.4190349843725971,0.1924480952514455,26.98444444444445,15.0,-2.261860369546408,970.9,1810.6,3522.1,,1.5078851088251763,1.5818803141589877,26.501756272401433,17.0,-0.7938666419478455,797.1,1229.0,2327.5,,1.393057168466112,0.4931678000273146,27.377777777777776,30.0,-3.577052898282042,-1.2,0.01,0.63,0.58,0.19,0.64,-1.0,0.0,355.25,0.1604945801327087,825.8000000000002,0.1,0.0,0.35,0.0,0.0,1.0,0.0,1.0,0.0,0.0,1.0,0.0,0.0,0.1,0.0,0.35,973.88,43.23,4.066999912261963,35.790000915527344,6.461733550509963,931.5033333333334,41.596666666666664,6.819866567828026,4.125500043233235,-2.106152249530513,914.77,40.47,4.1545000076293945,35.790000915527344
2020-12-01,745.4,1325.9,2185.3,,1.1730133234345907,0.764259941803222,26.301075268817204,20.0,-1.4008900012359398,782.1999999999998,1249.8,2346.7,,1.2286058492251242,0.329257052904562,27.03494623655914,12.0,-0.9857582190087744,906.9,1828.1,3345.8999999999996,,1.1459258867511188,1.6509389284130718,26.503440860215058,14.0,0.4596279817080706,738.4,1294.4,2428.7,,1.0601861712686842,0.7569966715100307,26.961469534050178,16.0,-2.4465905326906476,-1.08,-0.23,0.53,0.66,0.23,0.52,-1.0,0.0,223.85,0.1411878699241386,793.2250000000003,0.1,0.0,0.35,0.0,0.0,1.0,0.0,1.0,0.0,0.0,1.0,0.0,0.0,0.1,0.0,0.35,1026.1958677686,49.87,4.034999847412109,48.52000045776367,5.371900826446785,971.6152892562001,44.52333333333333,15.359703909322242,4.085499922434489,-0.786822363909423,973.88,43.23,4.066999912261963,35.790000915527344
2021-01-01,822.0,1446.0,2290.6,,1.66902419656164,1.2325299642208305,26.021505376344084,17.0,-4.881642689407984,781.9999999999998,1278.6,2394.8,,1.228159641026786,0.4737233435507947,26.567204301075268,4.0,-1.5109463910517853,829.4999999999999,1656.1,3359.9,,0.7085515810155458,0.97356071519027,26.27010752688172,7.0,-1.511393523668275,819.1,1375.7,2534.7000000000003,,1.5200181653201046,1.0851192499080955,26.150716845878136,4.0,-3.0047356939809653,-0.91,-0.36,0.3,0.64,0.39,0.33,-1.0,0.0,234.05,0.2401975452913849,813.1500000000002,0.1,0.0,0.6,0.0,0.0,1.0,0.0,1.0,0.0,0.0,1.0,0.0,0.0,0.1,0.0,0.35,1098.67,54.55,4.039999961853027,52.20000076293945,7.062407334478027,1032.9152892562,49.21666666666666,9.384399438540214,4.047333240509033,0.1239185781908958,1026.1958677686,49.87,4.034999847412109,48.52000045776367
2021-02-01,650.4,1374.0,2319.5,,0.5590668609180711,0.9523607891986512,25.96793394777266,15.0,-1.0312521761392688,396.4999999999998,1208.1,2334.1,,-1.2678942109128026,0.1210459698675638,26.73268049155146,5.0,3.568262352790576,615.7999999999998,1586.7,3209.3,,-0.5002719371774514,0.7002917325513502,26.41463133640553,7.0,2.8178209805427556,489.5,1286.6,2471.5,,-0.3529792331284845,0.7271151534813474,26.272542242703537,7.0,3.538213581669222,-0.79,-0.53,0.01,0.63,0.58,0.19,-1.0,0.0,80.15,0.6821091275336973,538.0500000000002,0.1,0.0,0.35,0.0,0.0,1.0,0.0,1.0,0.0,0.0,1.0,0.0,0.0,0.1,0.0,0.6,1123.5,61.96,4.0370001792907715,61.5,2.260005279110189,1082.7886225895334,55.46,13.58386801099909,4.037333329518636,-0.07425204432131016,1098.67,54.55,4.039999961853027,52.20000076293945
2021-03-01,607.6,1353.0,2352.8,,0.2821752821674267,0.870597414980014,25.98191244239631,15.0,1.4951495135688688,477.3999999999998,1259.6,2394.2999999999997,,-0.7441188368125836,0.3787081587305583,26.719777265745005,8.0,1.31290136968766,640.1999999999998,1547.1,3253.0,,-0.3623183467344442,0.5442934690415533,26.441513056835635,11.0,0.4868647593445985,409.4000000000001,1147.8,2459.5,,-0.8089789370250682,0.1682586087298169,26.813402457757302,22.0,2.770275793650793,-0.71,-0.85,-0.23,0.53,0.66,0.23,-1.0,0.0,219.45,0.3335255863709397,533.6500000000002,0.1,0.0,0.35,0.0,0.0,1.0,0.0,1.0,0.0,0.0,1.0,0.0,0.0,0.1,0.0,0.35,1284.81,65.19,4.14900016784668,59.15999984741211,14.357810413885176,1168.9933333333336,60.56666666666666,5.213040671400893,4.075333436330159,2.7743369725483857,1123.5,61.96,4.0370001792907715,61.5
2021-04-01,470.3,1292.3,2423.1,,-0.6068145994592596,0.6339101241759543,26.439045058883767,26.0,2.0970016641065072,556.2999999999997,1338.3,2322.0,,-0.23383840393226,0.7727879080672534,27.0097414234511,12.0,1.0865680363543273,547.9999999999999,1377.5,3109.4,,-0.8842637122267198,-0.1237799261345985,26.75975678443421,21.0,3.0554964797747033,310.20000000000005,1129.3,2380.0,,-1.3740594411860392,0.0936978237767193,27.704155145929334,46.0,2.642302675371223,-0.55,-1.12,-0.36,0.3,0.64,0.39,-1.0,0.0,171.6,0.2500767374239011,471.2000000000003,0.1,0.0,0.35,0.0,0.0,1.0,0.0,1.0,0.0,0.0,1.0,0.0,0.0,0.1,0.0,0.35,1386.35,64.77,4.099999904632568,63.58000183105469,7.90311407912454,1264.8866666666665,63.97333333333333,-0.644270593649332,4.095333417256673,-1.1810137679397203,1284.81,65.19,4.14900016784668,59.15999984741211
2021-05-01,605.7,1256.1,2587.7,,0.2686004433460111,0.4926476682427111,26.697992831541217,24.0,0.6444640296979003,771.8999999999999,1168.4,2390.9,,1.161856701392385,-0.077741691660848,27.07168458781362,18.0,-0.5265179851510506,732.5999999999999,1348.4,3159.0,,0.1594906214140526,-0.2387346527708365,26.925770609319,23.0,-0.813632552483357,489.6,979.1,2208.1000000000004,,-0.3554019673796053,-0.5115388235809049,28.13913978494624,58.0,-0.02033710957501,-0.39,-1.2,-0.53,0.01,0.63,0.58,0.0,0.0,258.90000000000003,0.1398219695585622,649.9500000000003,0.1,0.0,0.35,0.0,0.0,1.0,0.0,1.0,0.0,0.0,1.0,0.0,0.0,0.1,0.0,0.35,1574.67,68.04,4.13100004196167,66.31999969482422,13.583871316767059,1415.2766666666666,66.0,5.048633626679044,4.12666670481364,0.7561009280530717,1386.35,64.77,4.099999904632568,63.58000183105469
2021-06-01,620.3000000000001,1227.9,2553.7999999999997,0.0,0.3629339624171047,0.382694791306694,26.759820788530465,26.0,1.1219254992319492,602.1999999999998,1079.6,2329.4,31.01935483870967,0.0628463700117477,-0.5223733715292819,27.269641577060938,18.0,1.1853950972862268,600.3999999999999,1240.6,3068.7000000000003,19.48387096774192,-0.5882975810722945,-0.6634254956493834,27.00275985663082,21.0,-0.5442544162826408,494.4,903.8,2198.2000000000003,0.0,-0.3281442389712027,-0.8152708023183389,28.149032258064512,62.0,1.0910965821812617,-0.3,-1.08,-0.85,-0.23,0.53,0.66,0.0,-0.0,148.82500000000002,0.228728391304241,579.3250000000003,0.1,0.0,0.35,0.0,0.0,1.0,0.0,1.0,0.0,0.0,1.0,0.0,0.0,0.1,0.0,0.35,1518.16,73.07,4.149499893188477,73.47000122070312,-3.588688423606212,1493.0600000000002,68.62666666666667,7.392710170487926,4.126833279927571,0.4478298484359655,1574.67,68.04,4.13100004196167,66.31999969482422
2021-07-01,649.1,1119.4,2565.4,0.0,0.5491020284286547,-0.0406076952333492,26.833870967741937,33.0,1.688645929339479,482.1999999999998,1038.5,2317.1,2.261290322580649,-0.7144241662796647,-0.7287451448115653,27.478602150537636,25.0,1.2646101510496663,586.8999999999999,1134.9,2791.0,8.887096774193537,-0.664673524485268,-1.08009843610411,27.018924731182793,20.0,0.459310099846391,488.1,798.3,2174.0,0.0,-0.3639175952055391,-1.2409313216600542,28.13462365591398,55.0,-0.0455378264208938,-0.35,-0.91,-1.12,-0.36,0.3,0.64,0.0,-0.0,143.85000000000002,0.1896485626083964,551.5750000000003,0.1,0.0,0.35,0.0,0.0,1.0,0.0,1.0,0.0,0.0,1.0,0.0,0.0,0.1,0.0,0.35,1468.34,74.39,4.236000061035156,73.94999694824219,-3.281604047004283,1520.39,71.83333333333333,1.8064869303407782,4.172166665395101,2.0845926032838857,1518.16,73.07,4.149499893188477,73.47000122070312
2021-08-01,647.4000000000001,1253.1,2627.1,0.0,0.5383787407227607,0.4801874222373286,26.68225806451613,41.0,1.4505814132104469,404.2999999999997,1176.2,2384.2999999999997,0.0,-1.2183945949650057,-0.0394806348298011,27.281827956989247,20.0,-0.5178629672299007,593.4999999999999,1326.1,2912.8,0.0,-0.626869559780583,-0.3268976562933779,26.717849462365592,14.0,-1.186738287250385,465.2,954.8,2241.4,0.0,-0.4938037486661814,-0.6113025770839358,27.991612903225803,56.0,0.8257524961597511,-0.45,-0.79,-1.2,-0.53,0.01,0.63,0.0,-0.0,234.925,0.2442560066655429,527.6000000000003,0.65,0.72,0.71,0.0,0.0,1.0,0.0,0.0,1.0,0.0,1.0,0.0,0.0,0.1,0.0,0.35,1433.94,70.02,4.1545000076293945,73.94999694824219,-2.342781644578218,1473.4800000000002,72.49333333333333,-5.874445489985214,4.179999987284343,-1.9239861244441436,1468.34,74.39,4.236000061035156,73.94999694824219
2021-09-01,725.2,1345.5,2698.5,0.0,1.0418488188649433,0.8402384956967964,26.57448028673835,36.0,0.6867731694828443,514.2999999999997,1116.5,2376.1,0.0,-0.5058802853982036,-0.3382253012770778,27.08071684587814,20.0,-0.0207106374807999,774.4999999999999,1374.9,2922.0,0.0,0.3969415356357696,-0.1346743997952899,26.621182795698925,12.0,-0.6733126600102395,497.1,991.5,2139.3,0.0,-0.3124902784175469,-0.4635453093155817,27.957168458781364,55.0,-0.211013632872504,-0.63,-0.71,-1.08,-0.85,-0.23,0.53,-1.0,-0.0,249.0,0.2778955896024181,627.7750000000002,0.1,0.0,0.35,0.0,0.0,1.0,0.0,1.0,0.0,0.0,1.0,0.0,0.0,0.65,0.72,0.71,1398.75,74.6,4.182300090789795,75.02999877929688,-2.4540775764676392,1433.676666666667,73.00333333333333,6.540988289060268,4.190933386484782,0.6691559299397687,1433.94,70.02,4.1545000076293945,73.94999694824219
2021-10-01,748.5999999999999,1397.7,2690.0,,1.1933623310779018,1.04362070231782,26.495985663082436,32.0,0.5341011264720947,582.3999999999997,1064.6,2402.9,,-0.0649310955887902,-0.598187119259927,27.045232974910395,23.0,1.42035925499232,887.8999999999999,1474.8,2852.2999999999997,,1.038243923355435,0.2587422463886741,26.645913978494622,14.0,1.020375512032771,480.7,968.8,2098.1,,-0.4059229725987706,-0.5550782396121358,28.10770609318996,60.0,1.0519541090629758,-0.76,-0.55,-0.91,-1.12,-0.36,0.3,-1.0,-0.0,190.975,0.3170621068628165,674.9000000000002,0.1,0.0,0.35,0.0,0.0,1.0,0.0,1.0,0.0,0.0,1.0,0.0,0.0,0.1,0.0,0.35,1483.52,83.65,4.1479997634887695,83.56999969482422,6.060411081322603,1438.7366666666667,76.08999999999999,12.131367292225214,4.161599953969319,-0.8201307069418795,1398.75,74.6,4.182300090789795,75.02999877929688
2021-11-01,755.8,1403.2,2659.3,,1.2401338698898143,1.0653322001535022,26.386666666666667,26.0,-2.203788658474142,562.0999999999998,966.4,2134.8,,-0.1966208960740163,-1.089524914267894,27.19125448028674,25.0,-0.9333092037890438,873.6999999999998,1467.2,2815.6,,0.95780621699468,0.2290519675468172,26.727562724014337,20.0,-0.4459390040962638,749.3,1214.5,2193.6,,1.120801307254073,0.4344782590766373,27.78057347670251,47.0,-3.4855799411162316,-0.91,-0.39,-0.79,-1.2,-0.53,0.01,-1.0,-0.0,295.25,0.3990406926715602,735.2250000000003,0.1,0.0,0.35,0.0,0.0,1.0,0.0,1.0,0.0,0.0,1.0,0.0,0.0,0.1,0.0,0.35,1442.96,80.77,4.236000061035156,66.18000030517578,-2.7340379637618595,1441.7433333333336,79.67333333333333,-3.4429169157202733,4.188766638437907,2.1215116336547712,1483.52,83.65,4.1479997634887695,83.56999969482422
2021-12-01,803.7,1528.9,2756.8,,1.550182513229013,1.555306315923577,26.27992831541219,21.0,-3.750573604710704,521.1999999999998,1035.5,2115.1,,-0.4614432566152677,-0.7434784495330221,27.209462365591396,21.0,-1.638400601638505,789.3999999999999,1563.9,2804.5,,0.4809256365241236,0.6099361889426018,26.80100358422939,22.0,0.438894329237069,1004.4,1501.5,2405.3,,2.571135138390054,1.590379691136919,27.254587813620073,29.0,-2.793644457245261,-0.87,-0.3,-0.71,-1.08,-0.85,-0.23,-1.0,-0.0,293.45000000000005,0.3774696959613468,779.6750000000003,0.1,0.0,0.35,0.0,0.0,1.0,0.0,1.0,0.0,0.0,1.0,0.0,0.0,0.1,0.0,0.35,1411.21,74.31,4.171500205993652,75.20999908447266,-2.200338193712925,1445.8966666666668,79.57666666666667,-7.998019066485074,4.185166676839192,-1.522659445518093,1442.96,80.77,4.236000061035156,66.18000030517578
2022-01-01,867.3000000000001,1615.9,2735.3,,1.9622718481614652,1.8947586227773288,25.90573476702509,10.0,-3.0274553251408083,488.4999999999998,1070.9,2109.4,,-0.6727406020477769,-0.565967531502341,26.987956989247312,7.0,0.8029166026625667,682.1999999999999,1570.1,2705.0,,-0.1250395918313589,0.634545103718731,26.604229390681,12.0,-0.4010250256016405,969.4,1450.1,2248.4,,2.3733027687653023,1.3840399361685778,26.612652329749107,8.0,0.3484791986687163,-0.82,-0.35,-0.55,-0.91,-1.12,-0.36,-1.0,-0.0,163.15,0.4663935962511784,751.8500000000003,0.1,0.0,0.35,0.0,0.0,1.0,0.0,1.0,0.0,0.0,1.0,0.0,0.0,0.1,0.0,0.35,1469.56,85.53,4.188000202178955,88.1500015258789,4.13474961203506,1441.2433333333336,80.20333333333333,15.098909971740015,4.198500156402588,0.3955410612612509,1411.21,74.31,4.171500205993652,75.20999908447266
2022-02-01,851.9,1607.6999999999998,2860.8,,1.862906462404992,1.863081879549242,25.76248079877112,7.0,-1.6726127752176154,519.0999999999998,1081.2,2257.4,,-0.4740908483085828,-0.5142103910114698,26.688671274961596,3.0,-0.634330901177675,663.8999999999999,1537.6,2863.7,,-0.2285776756455798,0.5064237543304734,26.630261136712747,10.0,-0.1171674987199153,717.5,1466.8,2421.6000000000004,,0.9421180706737048,1.4517226634850444,26.534715821812597,7.0,-1.4788479902713778,-0.79,-0.45,-0.39,-0.79,-1.2,-0.53,-1.0,-0.0,231.5,0.1689388074475176,688.1000000000003,0.1,0.0,0.35,0.0,0.0,1.0,0.0,1.0,0.0,0.0,1.0,0.0,0.0,0.1,0.0,0.35,1595.74,95.76,4.198500156402588,95.72000122070312,8.586243501456226,1492.17,85.19999999999999,11.960715538407584,4.1860001881917315,0.2507152272382962,1469.56,85.53,4.188000202178955,88.1500015258789
2022-03-01,773.4,1577.1,2922.6,,1.354900196529665,1.7438540013198824,25.875384024577578,13.0,0.4785239375320032,538.3999999999999,1059.6,2176.1000000000004,,-0.3495027996555598,-0.6226054335604223,26.886520737327192,14.0,1.535492447516642,579.0999999999999,1368.5,2743.3999999999996,,-0.7083509970521406,-0.1597931902439509,26.7442396313364,21.0,2.0365460189452165,514.1,1518.5,2510.0,,-0.2143348075414419,1.6599155824131522,26.987403993855608,21.0,2.55083710957501,-0.86,-0.63,-0.3,-0.71,-1.08,-0.85,-1.0,-0.0,206.6,0.1484509370316745,601.2500000000002,0.1,0.0,0.35,0.0,0.0,1.0,0.0,1.0,0.0,0.0,1.0,0.0,0.0,0.1,0.0,0.35,1956.88,115.59,4.202499866485596,100.27999877929688,22.631506385752065,1674.0600000000002,98.96,20.70802005012531,4.196333408355713,0.09526521219507256,1595.74,95.76,4.198500156402588,95.72000122070312
2022-04-01,718.3,1585.6,2983.3,,0.9979627588931734,1.7770714324583106,26.15735535074245,15.0,1.0344217869943684,668.2999999999997,1156.8000000000002,2221.4,,0.4912431094107983,-0.1360689866753687,27.015660522273425,22.0,0.1006205837173581,636.3,1318.5,2793.2999999999997,,-0.3850321072601537,-0.3566290362102263,26.8578955453149,27.0,1.1518999615975432,680.9,1650.3000000000002,2619.1,,0.7328866929918176,2.1908023548501117,27.326543778801845,32.0,1.7523657834101345,-0.95,-0.76,-0.35,-0.55,-0.91,-1.12,-1.0,-0.0,237.85,0.1372838903524179,675.9500000000003,0.95,0.92,0.97,1.0,0.0,0.0,0.0,0.0,1.0,0.0,0.0,1.0,0.0,0.1,0.0,0.35,1947.51,105.78,4.361499786376953,104.69000244140625,-0.47882343322023235,1833.3766666666668,105.71,-8.486893329872824,4.254166603088379,3.783460438853581,1956.88,115.59,4.202499866485596,100.27999877929688
2022-05-01,745.0,1596.9,3000.1,,1.1700654372069172,1.8208803696876352,26.501326164874556,21.0,0.3993572708653374,612.0999999999998,1131.2,2097.6,,0.1265144759896405,-0.2644407595119439,27.501182795698924,32.0,0.9572227342549908,586.4999999999999,1250.4,2717.6,,-0.6670593270117556,-0.625137990150111,27.096451612903227,32.0,-0.3114172427035306,664.1,1381.6,2596.1,,0.6362565321701488,1.1084585285573887,28.050967741935484,48.0,1.302091589861753,-0.9,-0.91,-0.45,-0.39,-0.79,-1.2,-1.0,-0.0,207.475,0.3308933021006349,651.9250000000003,0.92,0.88,0.91,1.0,0.0,0.0,0.0,1.0,0.0,0.0,0.0,1.0,0.0,0.95,0.92,0.97,1962.88,112.37,4.363800048828125,104.69000244140625,0.7892128923600028,1955.756666666667,111.24666666666667,6.229911136320676,4.309266567230225,0.05274017113003904,1947.51,105.78,4.361499786376953,104.69000244140625
2022-06-01,682.0999999999999,1455.5,2984.4,10.038709677419348,0.763066399273089,1.2697819096024971,26.561827956989248,22.0,1.3117846902201755,599.1999999999998,1137.6,2173.1,0.0,0.0434660080322892,-0.2323324647847464,27.245125448028674,20.0,-1.9668883768561205,693.5999999999999,1272.7,2836.6,0.0,-0.0609879291592939,-0.5371835915632082,26.86903225806452,20.0,-1.3633858806963666,663.9,1178.0,2679.5,0.0,0.6350011696065844,0.2883078671439154,28.12426523297491,52.0,0.1224876472094216,-0.78,-0.87,-0.63,-0.3,-0.71,-1.08,-1.0,-3.0116129032258043,214.375,0.2370050780846825,659.7000000000003,0.35,0.25,0.82,0.0,0.0,0.0,1.0,1.0,0.0,0.0,1.0,0.0,0.0,0.92,0.88,0.91,1751.76,120.08,4.397299766540527,105.76000213623047,-10.755624388653418,1887.3833333333334,112.74333333333334,6.8612619026430455,4.374199867248535,0.7676730679124111,1962.88,112.37,4.363800048828125,104.69000244140625
2022-07-01,652.5,1370.8,2986.7,0.0,0.5716143431883721,0.9394924519802262,26.54759856630824,22.0,-0.1548712237583203,412.7999999999998,1081.1,2152.0,23.361290322580658,-1.1634001473291864,-0.5153275402469026,27.299856630824376,17.0,0.7120202252944203,656.4999999999999,1292.8,2862.8999999999996,0.0,-0.2707930796986489,-0.4581322477243146,26.858602150537635,15.0,-0.3888912570404521,514.4,1195.3,2645.4,29.96129032258064,-0.2150827618883264,0.3571226502548246,28.501254480286743,63.0,1.535148937532,-0.76,-0.82,-0.76,-0.35,-0.55,-0.91,-1.0,-0.0,137.2,0.348233816225322,559.0500000000003,0.2,-0.5,0.82,0.0,1.0,0.0,0.0,0.0,0.0,1.0,1.0,0.0,0.0,0.35,0.25,0.82,1533.4,108.92,4.449999809265137,98.62000274658203,-12.465177878248157,1749.346666666667,113.79,-9.293804130579609,4.40369987487793,1.1984637282545396,1751.76,120.08,4.397299766540527,105.76000213623047
2022-08-01,576.2,1321.2,2928.9,0.0,0.0781445655775672,0.7459362913685288,26.490609318996416,24.0,1.8323061955965192,480.7999999999998,1092.9,2174.1,0.0,-0.7225799991870219,-0.4565120986852705,26.981577060931897,7.0,-0.938705581157194,742.1999999999998,1328.7,2866.2999999999997,0.0,0.2143678220241584,-0.3166692790608655,26.55752688172043,10.0,-0.513514912954431,605.4,1269.5,2736.3,0.0,0.3024346201390322,0.6552901165416142,28.22598566308244,58.0,-0.5729962237583202,-0.87,-0.79,-0.91,-0.45,-0.39,-0.79,-1.0,-0.0,249.575,0.1503426238726236,601.1500000000002,0.1,0.0,0.35,0.0,0.0,1.0,0.0,1.0,0.0,0.0,1.0,0.0,0.0,0.2,-0.5,0.82,1598.78,98.6,4.473999977111816,89.55000305175781,4.263727664014594,1627.9800000000002,109.19999999999999,-9.474843922144704,4.440433184305827,0.5393296376487555,1533.4,108.92,4.449999809265137,98.62000274658203
2022-09-01,663.1,1345.2,2922.2999999999997,0.0,0.640372922696359,0.8394293437112516,26.44283154121864,29.0,2.073888632872503,474.5999999999998,1073.8,2133.4,14.116129032258044,-0.7628684187261069,-0.551846164849387,27.06379928315412,8.0,0.2585220174091169,796.4999999999999,1490.1,2858.6,0.0,0.5215002434599358,0.3192888841433378,26.53530465949821,10.0,-1.1727451996927805,539.5,1203.4,2721.9,5.98709677419356,-0.071818002326233,0.3892704827172203,28.105985663082436,49.0,0.2214759984639016,-0.97,-0.86,-0.87,-0.63,-0.3,-0.71,-1.0,-0.0,231.65,0.3385336472258762,618.4250000000002,0.1,0.0,0.35,0.0,0.0,1.0,0.0,1.0,0.0,0.0,1.0,0.0,0.0,0.1,0.0,0.35,1548.32,90.16,4.630499839782715,79.48999786376953,-3.156156569384161,1560.1666666666667,99.22666666666667,-8.559837728194719,4.518166542053223,3.4979853256934312,1598.78,98.6,4.473999977111816,89.55000305175781
2022-10-01,700.2,1352.7,2938.3,,0.8802796328001845,0.8686130928138244,26.49121863799283,35.0,-0.189175883256528,704.3999999999999,1117.2,2274.0,,0.7253360357808787,-0.3343838584002068,26.8089605734767,5.0,-1.6108919610855086,1002.7999999999996,1659.3,2977.8,,1.68863410157703,0.9859757656418344,26.28799283154122,9.0,-1.9163688556067573,730.0,1244.4,2894.7,,1.011781318622054,0.5546988647261368,27.385555555555555,30.0,-2.304136904761904,-0.94,-0.95,-0.82,-0.76,-0.35,-0.55,-1.0,-0.0,303.125,0.2268193184530899,784.3500000000001,0.1,0.0,0.35,0.0,0.0,1.0,0.0,1.0,0.0,0.0,1.0,0.0,0.0,0.1,0.0,0.35,1575.9,93.13,4.71999979019165,86.52999877929688,1.7812855223726443,1574.3333333333333,93.96333333333332,3.294143744454292,4.608166535695394,1.9328356226254728,1548.32,90.16,4.630499839782715,79.48999786376953
2022-11-01,753.7,1329.9,2926.8,,1.226604561776657,0.7799892354938068,26.35637992831541,26.0,-0.954138248847924,717.7999999999997,1198.6,2329.7999999999997,,0.8121292050230869,0.0734383586963975,26.786559139784945,8.0,-1.3222432155657966,991.2999999999996,1733.5,2983.9,,1.623703617392504,1.2786256197220305,26.218924731182796,5.0,-1.269462941628264,773.2,1378.6,2760.2000000000003,,1.257950700847824,1.0957144528968004,26.94655913978495,15.0,-2.653053571428572,-0.85,-0.9,-0.79,-0.91,-0.45,-0.39,-1.0,-0.0,274.225,0.1421876146376109,809.0000000000002,0.1,0.0,0.35,0.0,0.0,1.0,0.0,1.0,0.0,0.0,1.0,0.0,0.0,0.1,0.0,0.35,1651.6,91.07,4.50629997253418,80.55000305175781,4.803604289612262,1591.9399999999998,91.45333333333332,-2.2119617738644903,4.618933200836182,-4.527538710945445,1575.9,93.13,4.71999979019165,86.52999877929688
2022-12-01,726.9,1390.0,2845.5,,1.0535471286550235,1.0143829554339017,26.18451612903226,14.0,-2.385412442396314,781.7999999999997,1256.4,2394.0,,1.226899382102307,0.3628965197969654,26.548566308243725,7.0,-1.6030604198668694,947.4999999999998,1744.0,3016.7,,1.3760348275708816,1.3200362896514055,26.190071684587817,4.0,-0.332893049155146,1025.7,1565.2,2743.2,,2.693685789641493,1.8476962702262412,26.305089605734768,5.0,-5.220730990783412,-0.71,-0.78,-0.86,-0.87,-0.63,-0.3,-1.0,-0.0,293.125,0.3004598553989196,870.4750000000001,0.1,0.0,0.35,0.0,0.0,1.0,0.0,1.0,0.0,0.0,1.0,0.0,0.0,0.1,0.0,0.35,1409.24,80.9,4.400000095367432,80.26000213623047,-14.674255267619273,1545.5800000000002,88.36666666666666,-11.167233995827374,4.542099952697754,-2.358917023159668,1651.6,91.07,4.50629997253418,80.55000305175781
2023-01-01,787.6,1487.8,2858.6,,1.4468174656604944,1.3957391007704851,25.84258064516129,4.0,-2.891890937019971,689.1999999999998,1393.6,2474.7,,0.6277641475491104,1.0501084769010671,26.346415770609315,5.0,-2.151635688684074,849.0999999999999,1851.9,3144.7,,0.8195484467415276,1.7452932145774007,26.17609318996416,4.0,-0.9437801459293382,971.5,1701.5,2896.7999999999997,,2.386255144456511,2.3975543695065182,25.964229390681,1.0,-2.1538492703533016,-0.54,-0.76,-0.95,-0.82,-0.76,-0.35,-1.0,-0.0,257.0,0.1100321408598063,824.3500000000001,0.1,0.0,0.35,0.0,0.0,1.0,0.0,1.0,0.0,0.0,1.0,0.0,0.0,0.1,0.0,0.35,1351.77,83.09,4.241499900817871,80.26000213623047,-4.078084641366974,1470.87,85.02,2.707045735475888,4.382599989573161,-3.602277070776394,1409.24,80.9,4.400000095367432,80.26000213623047
2023-02-01,672.6999999999999,1426.4,2747.6,,0.7036893655495221,1.1567485554055883,25.76305683563748,4.0,-0.4572087173579078,591.3999999999999,1309.2000000000005,2402.1,,-0.0053268583903657,0.627843936533805,26.30633640552996,0.0,1.5038856246799792,785.6999999999999,1777.0,3105.7,,0.4608531492728702,1.4502788176861547,26.260061443932415,7.0,0.8335979262672808,837.5,1610.7,2880.2,,1.6250832130608863,2.0327131543768973,25.823118279569893,0.0,0.1886228878648239,-0.29,-0.87,-0.9,-0.79,-0.91,-0.45,0.0,-0.0,171.7,0.2148031612139336,721.8250000000003,0.1,0.0,0.35,0.0,0.0,1.0,0.0,1.0,0.0,0.0,1.0,0.0,0.0,0.1,0.0,0.35,1243.01,82.71,4.4730000495910645,77.05000305175781,-8.045747427446981,1334.6733333333334,82.23333333333333,-0.45733541942473144,4.371500015258789,5.457978408264363,1351.77,83.09,4.241499900817871,80.26000213623047
2023-03-01,625.3,1352.1999999999998,2697.4,,0.3968241231507388,0.8676959714061349,25.89854070660522,7.0,1.4717467357910865,572.0999999999997,1353.9,2427.7000000000003,,-0.1305223098198169,0.8516726435404485,26.4428955453149,3.0,0.6632865463389646,867.5999999999999,1815.1,3305.2,,0.9240713853756516,1.6003881657213943,26.242857142857144,6.0,-1.4737791858678957,525.8,1551.5,2754.9,,-0.1467156112453728,1.7946368539332362,26.26935483870968,8.0,2.8927434715821825,-0.02,-0.97,-0.78,-0.86,-0.87,-0.63,0.0,-0.0,218.99999999999997,0.5054859830243624,647.7000000000002,0.1,0.3,0.82,0.0,0.0,1.0,0.0,0.0,0.0,1.0,0.0,1.0,0.0,0.1,0.0,0.35,1113.19,78.53,4.420000076293945,75.66999816894531,-10.444002864015566,1235.99,81.44333333333333,-5.053802442268163,4.378166675567627,-1.1848864902642808,1243.01,82.71,4.4730000495910645,77.05000305175781
2023-04-01,489.4,1277.0,2629.7,,-0.4832609702459594,0.5744923566543197,26.43742959549411,27.0,3.750304979518692,551.6999999999998,1240.9,2358.1,,-0.2634058210834931,0.2858538932570336,26.891820276497697,9.0,1.4196852918586789,749.8999999999999,1599.0,3258.3,,0.2578820601428018,0.7489127559626308,26.577910906298,12.0,2.6882100614439324,420.2,1391.7000000000005,2636.1000000000004,,-0.7488034870285496,1.1503102522342674,27.545878136200717,36.0,4.291180747567843,0.27,-0.94,-0.76,-0.95,-0.82,-0.76,0.0,-0.0,162.1,0.218216935191233,552.8000000000002,0.1,0.0,0.35,0.0,0.0,1.0,0.0,1.0,0.0,0.0,1.0,0.0,0.0,0.1,0.3,0.82,1029.97,84.11,4.460000038146973,76.77999877929688,-7.4758127543366415,1128.7233333333334,81.78333333333332,7.105564752323956,4.451000054677327,0.9049764968910745,1113.19,78.53,4.420000076293945,75.66999816894531
2023-05-01,512.6999999999999,1185.4,2515.2999999999997,,-0.3336593804399098,0.2170173294746175,27.05716845878136,47.0,1.3311920762928828,573.9999999999998,1165.4,2364.0,,-0.1199186723670073,-0.0925886592198323,27.373655913978496,20.0,1.268206797235024,679.5999999999999,1465.3,3198.7999999999997,,-0.1403341504680914,0.2217970757395953,26.97268817204301,21.0,1.7141079109063,320.59999999999997,1158.1,2536.7,,-1.3170924282658891,0.208485554433162,28.985125448028672,67.0,3.8542936507936503,0.57,-0.85,-0.87,-0.9,-0.79,-0.91,1.0,-0.0,140.625,0.3069125541313584,521.7250000000001,0.1,0.0,0.35,0.0,0.0,1.0,0.0,1.0,0.0,0.0,1.0,0.0,0.0,0.1,0.0,0.35,988.32,75.7,4.5980000495910645,68.08999633789062,-4.043807101177698,1043.8266666666666,79.44666666666667,-9.99881108072761,4.492666721343994,3.0941706337165753,1029.97,84.11,4.460000038146973,76.77999877929688
2023-06-01,570.0,1195.3000000000002,2585.3,0.0,0.0364789064486137,0.2551260456077723,27.347992831541216,59.0,0.2673748719918087,515.4999999999998,1087.6,2344.0,0.0,-0.4992709596423451,-0.4825821841174652,27.712867383512545,26.0,0.4527919226830494,437.59999999999985,1305.2000000000005,3049.2,50.08387096774192,-1.50958986841957,-0.4091704263452708,27.35652329749104,25.0,-0.1916976446492562,383.5,909.3,2474.5,0.0,-0.9608184532144644,-0.7943091052841016,29.677025089605735,84.0,0.584528417818742,0.84,-0.71,-0.97,-0.78,-0.86,-0.87,1.0,-0.0,173.925,0.2682794455588393,476.6500000000002,0.1,0.0,0.35,0.0,0.0,1.0,0.0,1.0,0.0,0.0,1.0,0.0,0.0,0.1,0.0,0.35,1007.12,74.89,4.669000148773193,70.63999938964844,1.902217905131942,1008.4700000000001,78.23333333333333,-1.0700132100396331,4.575666745503743,1.5441517706908936,988.32,75.7,4.5980000495910645,68.08999633789062
2023-07-01,667.1999999999999,1156.6,2644.4,0.0,0.6653369534630693,0.1038145310005639,27.300501792114694,53.0,0.1969877752176145,417.7999999999998,969.5,2363.1,4.261290322580649,-1.1319403596676283,-1.07432139027396,27.79620071684587,28.0,0.5079209549411132,511.1999999999998,1261.1,3113.0,0.0,-1.093302841517602,-0.5832032142839881,27.333297491039428,23.0,0.5956518177163304,403.7999999999999,824.0,2525.5,0.0,-0.8451894977551814,-1.1389292705390073,29.506953405017924,80.0,0.6675983102918579,1.12,-0.54,-0.94,-0.76,-0.95,-0.82,1.0,-0.0,185.45,0.3492406784681395,500.0000000000002,0.1,0.0,0.35,0.0,0.0,1.0,0.0,1.0,0.0,0.0,1.0,0.0,0.0,0.1,0.0,0.35,1135.74,80.1,4.552000045776367,81.80000305175781,12.771069981730076,1043.7266666666667,76.89666666666666,6.956870076111632,4.606333414713542,-2.5058920383107863,1007.12,74.89,4.669000148773193,70.63999938964844
2023-08-01,654.2,1166.9,2593.3,0.0,0.5814258294464987,0.1433792355854985,27.200501792114693,51.0,1.9526866999487993,478.49999999999983,1052.5,2361.7,0.0,-0.7384897984373088,-0.6592918220309861,27.53921146953405,25.0,0.5991306323604721,556.8999999999999,1236.5,3013.5,0.0,-0.8344574528571556,-0.6802615161217402,27.092437275985663,19.0,1.323608806963648,700.1999999999999,1020.8,2631.5,0.0,0.8405144472288804,-0.347323387367803,28.5768458781362,59.0,-0.4137457757296481,1.37,-0.29,-0.85,-0.87,-0.9,-0.79,1.0,-0.0,238.075,0.4018490410374704,597.4500000000003,0.1,0.0,0.62,0.0,0.0,1.0,0.0,1.0,0.0,0.0,1.0,0.0,0.0,0.1,0.0,0.35,1126.53,86.163,4.637499809265137,83.62999725341797,-0.810925035659571,1089.7966666666669,80.38433333333333,7.569288389513118,4.6195000012715655,1.8782900401791869,1135.74,80.1,4.552000045776367,81.80000305175781
2023-09-01,682.8,1252.8,2605.0,0.0,0.7665581433505845,0.4778131145514969,27.13272401433692,51.0,0.4107368791602646,461.4999999999998,977.0,2330.9,44.916129032258056,-0.8485940186755881,-1.0376204795715704,27.563655913978497,27.0,2.1249962237583233,606.4999999999998,1044.1,2859.2,49.4774193548387,-0.5540247903055565,-1.4385214967974624,27.144659498207886,30.0,1.0595416026625737,823.5999999999999,1207.1,2758.6,0.0,1.5425125370803774,0.4023840980015045,28.06795698924731,43.0,-0.4657556323604694,1.6,-0.02,-0.71,-0.97,-0.78,-0.86,1.0,-0.0,220.075,0.3278686010750359,643.6000000000001,0.1,0.0,0.35,0.0,0.0,1.0,0.0,1.0,0.0,0.0,1.0,0.0,0.0,0.1,0.0,0.62,1111.63,94.0,4.705999851226807,90.79000091552734,-1.3226456463653724,1124.6333333333334,86.75433333333332,9.095551454800788,4.6318332354227705,1.4770899143718763,1126.53,86.163,4.637499809265137,83.62999725341797
2023-10-01,682.8,1350.0,2627.0,,0.766503227991433,0.8565348947524875,27.162831541218637,57.0,1.1046723630312307,520.9999999999998,938.8,2179.7,,-0.4634068985625018,-1.2289135511457792,27.574408602150537,31.0,1.0488349334357352,678.5999999999998,1189.8,2788.7999999999997,,-0.1463506113058545,-0.86471218502174,27.20272401433692,38.0,0.5839340757808458,1022.1,1425.9,2817.6,,2.6711429383523635,1.2838498235168092,27.614193548387096,32.0,0.2599164106502805,1.83,0.27,-0.54,-0.94,-0.76,-0.95,1.0,-0.0,267.975,0.2926830010669474,726.1250000000002,0.1,0.0,0.6,0.0,0.0,1.0,0.0,1.0,0.0,0.0,1.0,0.0,0.0,0.1,0.0,0.35,1133.87,91.061,4.760000228881836,90.79000091552734,2.00066568912316,1124.0100000000002,90.408,-3.126595744680849,4.70116662979126,1.1474793744617795,1111.63,94.0,4.705999851226807,90.79000091552734
2023-11-01,758.9,1413.1,2598.5,,1.2591912390011633,1.1027370883381464,26.938172043010752,48.0,-1.8362227982590864,591.7999999999997,1070.3,2235.7,,-0.0048858887591031,-0.5703764681078919,27.48853046594982,26.0,-1.318596070148491,784.3999999999999,1341.3000000000002,2806.6,,0.4520125496689215,-0.267749312994058,27.200394265232973,38.0,-1.3744476446492584,911.4,1611.6,2769.7,,2.042512119252462,2.032707949268041,27.38283154121864,26.0,-2.596513696876599,1.99,0.57,-0.29,-0.85,-0.87,-0.9,1.0,-0.0,273.575,0.0649283207994863,761.6250000000002,0.1,0.0,0.35,0.0,0.0,1.0,0.0,1.0,0.0,0.0,1.0,0.0,0.0,0.1,0.0,0.6,1118.39,83.183,4.670499801635742,75.95999908447266,-1.3652358736010117,1121.2966666666669,89.41466666666666,-8.651343604836315,4.712166627248128,-1.8802609861873543,1133.87,91.061,4.760000228881836,90.79000091552734
2023-12-01,673.1999999999999,1356.0,2551.3,,0.7048553534117963,0.8803695031813621,26.914050179211472,38.0,-1.8060615079365103,827.5999999999998,1289.1,2376.7,,1.5222855357992435,0.5249550369907191,27.167885304659496,16.0,-2.933902521761393,907.6999999999998,1514.1999999999998,2819.3999999999996,,1.149599647764011,0.4133468863659708,27.04068100358423,25.0,-1.493931515616998,1055.5,1879.1,2788.4,,2.861788033365173,3.1104180636083716,27.075089605734764,17.0,-4.510492191500257,2.06,0.84,-0.02,-0.71,-0.97,-0.78,1.0,-0.0,324.45,0.3403285830343485,866.0000000000002,0.1,0.0,0.6,0.0,0.0,1.0,0.0,1.0,0.0,0.0,1.0,0.0,0.0,0.1,0.0,0.35,1062.48,77.858,4.605000019073486,71.6500015258789,-4.999150564650979,1104.9133333333334,84.03399999999999,-6.401548393301515,4.6785000165303545,-1.4024148451802998,1118.39,83.183,4.670499801635742,75.95999908447266
2024-01-01,661.4,1344.2,2500.8,,0.6289112689184545,0.8345960725658654,26.70007168458781,22.0,-2.847970110087046,1005.8999999999996,1526.9,2496.4,,2.677206527624319,1.7153918286411374,26.8420788530466,4.0,-3.3678272529441884,923.7999999999996,1602.4,2863.5,,1.2408100833544833,0.7607717836828558,26.94283154121864,15.0,-1.647990655401946,951.8,1973.9,2797.9,,2.273015071808201,3.492867130355479,26.79121863799283,4.0,-2.9797395033282115,1.92,1.12,0.27,-0.54,-0.94,-0.76,1.0,-0.0,287.7,0.2100895213300144,885.7250000000003,0.1,0.0,0.6,0.0,0.0,1.0,0.0,1.0,0.0,0.0,1.0,0.0,0.0,0.1,0.0,0.6,971.46,80.227,4.725500106811523,75.8499984741211,-8.566749491755132,1050.7766666666669,80.42266666666667,3.0427187957563717,4.666999975840251,2.616722849922626,1062.48,77.858,4.605000019073486,71.6500015258789
2024-02-01,536.5999999999999,1295.5,2462.4,,-0.1784002735298983,0.6451014948180004,26.700148312940303,14.0,-0.7354684217031284,926.4999999999998,1518.3000000000002,2570.8,,2.1628385686404803,1.672224558440761,27.020393029291807,7.0,0.0165823754789293,996.6,1781.0,3017.5,,1.652442592772087,1.4641361124562116,27.001260659992585,9.0,-0.9254014027932254,762.3,1673.6999999999998,2694.5,,1.1956241586591256,2.2842769149583644,27.18872821653689,16.0,2.455925719935731,1.62,1.37,0.57,-0.29,-0.85,-0.87,1.0,-0.0,193.35,0.6506204784186733,805.5000000000002,0.1,0.0,0.35,0.0,0.0,1.0,0.0,1.0,0.0,0.0,1.0,0.0,0.0,0.1,0.0,0.6,911.9,83.764,4.766499996185303,78.26000213623047,-6.130978115413921,981.9466666666667,80.61633333333333,4.408740199683381,4.6990000406901045,0.8676306940440082,971.46,80.227,4.725500106811523,75.8499984741211
2024-03-01,450.3999999999999,1123.6,2376.4,,-0.7362141304582759,-0.0247350710839694,26.809825732295145,20.0,1.6883441478185652,760.5999999999998,1588.2,2565.2,,1.087959703801685,2.02182709576024,27.47308120133481,22.0,1.157109813372884,1132.4,2040.1,3084.2,,2.4202718505060923,2.484656914382811,27.12491657397108,13.0,-1.0890925410950452,456.49999999999994,1512.0,2719.1,,-0.5434325603572081,1.6326802441169117,28.101631442343347,45.0,3.123024348041035,1.26,1.6,0.84,-0.02,-0.71,-0.97,1.0,-0.0,218.925,0.6998749938670952,699.9750000000003,0.1,0.0,0.35,0.0,0.0,1.0,0.0,1.0,0.0,0.0,1.0,0.0,0.0,0.1,0.0,0.35,964.95,85.447,4.730500221252441,83.16999816894531,5.8175238512995,949.4366666666668,83.146,2.0092163698008703,4.740833441416423,-0.7552664420785171,911.9,83.764,4.766499996185303,78.26000213623047
2024-04-01,350.99999999999994,1012.4,2362.4,,-1.380344990955536,-0.4584289433251516,27.424521072796935,40.0,3.1205735384995705,705.8999999999999,1711.8,2650.6,,0.732909533209721,2.6400925582836683,27.973690520331232,39.0,-0.5772020145841061,1130.6999999999998,2054.5,3244.3,,2.41021711350487,2.541174011572134,27.400149548881473,16.0,-0.8503246199480898,670.5,1622.3,3048.2,,0.6714942545242734,2.0762639371942515,28.7382264244222,66.0,0.90447148065752,0.82,1.83,1.12,0.27,-0.54,-0.94,1.0,0.0,302.25,0.4488284757370149,714.5250000000003,0.1,0.0,0.35,0.0,0.0,1.0,0.0,1.0,0.0,0.0,1.0,0.0,0.0,0.1,0.0,0.35,958.56,90.054,4.763000011444092,81.93000030517578,-0.66221047722681,945.1366666666668,86.42166666666667,5.391646283661222,4.753333409627278,0.6870265018832589,964.95,85.447,4.730500221252441,83.16999816894531
2024-05-01,375.7999999999999,912.4,2325.5,,-1.221239850827593,-0.848837117626416,28.140501792114694,66.0,2.3235251514027944,717.1999999999998,1643.6999999999998,2714.0,,0.8057997006218383,2.2988493678155866,28.117813620071686,43.0,-1.0934170683475486,1183.1,2179.7,3521.0,,2.7064317406285405,3.034121101012698,27.485985663082435,20.0,-3.020604189840565,982.1,1744.4,3356.0,,2.441741395338123,2.567101329006793,28.90863799283154,71.0,-0.4902812075145206,0.49,1.99,1.37,0.57,-0.29,-0.85,0.0,0.0,293.375,0.450705154571262,814.5500000000002,0.1,0.0,0.35,0.0,0.0,1.0,0.0,1.0,0.0,0.0,1.0,0.0,0.0,0.1,0.0,0.35,988.0,81.995,4.701499938964844,76.98999786376953,3.0712735770322297,970.5033333333334,85.832,-8.949074999444772,4.731666723887126,-1.2912045419164686,958.56,90.054,4.763000011444092,81.93000030517578
2024-06-01,569.7,1020.1,2376.1,0.0,0.0331597005203804,-0.429290583946383,28.090501792114697,65.0,-2.1110169632925455,686.9999999999998,1447.6,2736.7,0.0,0.6106033739580983,1.3171363150712907,27.944659498207887,37.0,-0.2997987887776538,1098.4999999999998,2230.9,3745.1,0.0,2.2280406850985437,3.2356868233048512,27.442043010752688,22.0,-0.3285441539982692,1041.2,1497.7,3376.7999999999997,0.0,2.7783350310351693,1.5735599643719425,28.43236559139785,50.0,-0.2170016376220509,0.22,2.06,1.6,0.84,-0.02,-0.71,0.0,0.0,253.475,0.3237146660524878,849.1000000000003,0.42,0.35,0.72,0.0,0.0,1.0,0.0,0.0,1.0,0.0,1.0,0.0,0.0,0.1,0.0,0.35,1010.68,82.555,4.7170000076293945,81.54000091552734,2.2955465587044532,985.7466666666668,84.868,0.6829684736874286,4.727166652679443,0.32968348113950885,988.0,81.995,4.701499938964844,76.98999786376953
2024-07-01,642.0999999999999,993.1,2337.3,0.0,0.5022789136295754,-0.5346983329189976,27.670430107526883,52.0,-0.8939739525398593,440.09999999999974,1146.0,2672.9,68.06129032258065,-0.98799683795394,-0.1929507205900457,28.026845878136204,33.0,2.397539920899767,906.1999999999998,2036.9,3639.3,24.58709677419353,1.1405590551879727,2.4713588636440424,27.38939068100358,25.0,2.013982727722164,658.5999999999999,1329.1,3303.0,52.761290322580635,0.6045577413937541,0.8942853221339099,28.32587813620071,48.0,1.193423093560746,0.08,1.92,1.83,1.12,0.27,-0.54,0.0,0.0,114.9,0.5888425812210825,661.7500000000002,0.1,0.0,0.6,0.0,0.0,1.0,0.0,1.0,0.0,0.0,1.0,0.0,0.0,0.42,0.35,0.72,1079.02,85.296,4.619999885559082,77.91000366210938,6.761784145327909,1025.9,83.282,3.320210768578513,4.6794999440511065,-2.0563943589871125,1010.68,82.555,4.7170000076293945,81.54000091552734
2024-08-01,725.3,1101.1,2396.6,0.0,1.0416684961321163,-0.1140020108138049,27.031720430107526,41.0,0.3800045420837996,405.69999999999976,1122.9,2641.2000000000003,0.0,-1.2104201633844949,-0.3085333680009504,27.873082437275983,32.0,1.129233469286861,720.6999999999998,1903.8,3684.8,0.0,0.0917711748082574,1.947264358443268,27.18831541218638,22.0,0.2967246632060316,439.2999999999999,1421.4,3095.1000000000004,0.0,-0.6411983773136212,1.26584841854645,28.132329749103945,47.0,0.5515682548510696,-0.07,1.62,1.99,1.37,0.57,-0.29,0.0,0.0,204.375,0.1703934701408607,572.7500000000002,0.1,0.0,0.62,0.0,0.0,1.0,0.0,1.0,0.0,0.0,1.0,0.0,0.0,0.1,0.0,0.6,1031.38,80.863,4.309000015258789,73.55000305175781,-4.415117421363823,1040.3600000000001,82.90466666666667,-5.197195648096054,4.548666636149089,-6.7315990909956,1079.02,85.296,4.619999885559082,77.91000366210938
2024-09-01,537.1999999999999,1106.9,2230.5,77.68387096774192,-0.1754603519667627,-0.0915542423895573,27.217275985663083,49.0,1.4260547212952623,435.7999999999997,1122.8,2711.0,0.0,-1.0156779037617516,-0.3088843421353559,27.941971326164875,36.0,2.096195834878257,498.29999999999984,1596.8,3636.9,97.37741935483872,-1.1662524416888715,0.7380194318901878,27.32831541218638,31.0,3.236825917686314,461.49999999999994,1502.7,3014.7,0.0,-0.5151999214743782,1.593560700859424,28.22010752688172,56.0,0.0510234519836849,-0.17,1.26,2.06,1.6,0.84,-0.02,0.0,124.29419354838709,163.92499999999998,0.34791877818883,483.20000000000016,0.1,0.0,0.35,0.0,0.0,1.0,0.0,1.0,0.0,0.0,1.0,0.0,0.0,0.1,0.0,0.62,1043.81,74.293,4.11899995803833,73.55000305175781,1.2051814074346856,1051.4033333333334,80.15066666666667,-8.124853146680177,4.3493332862854,-4.409377037540995,1031.38,80.863,4.309000015258789,73.55000305175781
2024-10-01,556.3999999999999,1198.5,2210.9,,-0.0514473843993229,0.2656832840346724,27.320501792114698,59.0,1.0345977320479562,553.5999999999998,993.7,2705.5,,-0.2528065303668744,-0.9548664972206116,27.82046594982079,38.0,2.497518415523422,615.2999999999998,1521.5,3576.0,,-0.504376563373455,0.4416261773760307,27.21971326164875,35.0,2.0501162402669664,572.3,1230.9,2853.2000000000003,,0.1145751287046829,0.4997493127093581,28.09537634408602,49.0,0.4871040971449751,-0.21,0.82,1.92,1.83,1.12,0.27,0.0,0.0,206.1,0.1817664711593622,574.4000000000002,0.1,0.0,0.35,0.0,0.0,1.0,0.0,1.0,0.0,0.0,1.0,0.0,0.0,0.1,0.0,0.35,1094.89,75.662,4.376299858093262,69.26000213623047,4.893610906199419,1056.6933333333336,76.93933333333332,1.8427038886570823,4.268099943796794,6.24665944831595,1043.81,74.293,4.11899995803833,73.55000305175781
2024-11-01,560.9999999999999,1286.3,2198.7,,-0.0216148386568308,0.6085200271839256,27.278709677419357,55.0,-1.5535698306760626,741.7999999999997,1147.5,2791.2,,0.966182599459323,-0.1845643413802044,27.50845878136201,30.0,-2.741016530713136,698.9999999999998,1419.6999999999998,3599.4,,-0.0310089869792418,0.0409015725684818,27.222078853046597,35.0,-0.7926480966506002,856.8999999999999,1296.1999999999998,3040.6000000000004,,1.7324876353670142,0.7633945878999385,27.597670250896055,34.0,-3.6873967989123706,-0.3,0.49,1.62,1.99,1.37,0.57,0.0,0.0,344.65,0.2635515798261085,714.6750000000002,0.1,0.0,0.35,0.0,0.0,1.0,0.0,1.0,0.0,0.0,1.0,0.0,0.0,0.1,0.0,0.35,1145.17057,74.395,4.442500114440918,68.0,4.592294203070613,1094.6235233333334,74.78333333333333,-1.6745526155798274,4.312599976857503,1.512699277798113,1094.89,75.662,4.376299858093262,69.26000213623047
2024-12-01,769.6999999999998,1306.9,2327.0,,1.3289079799399848,0.688861869378742,27.018422939068103,41.0,-3.0751558521814353,749.4999999999998,1185.3,2632.9,,1.0162489755605253,0.0046621191653339,27.391218637992836,22.0,-0.9990165307131385,830.6999999999998,1329.0,3559.9,,0.7142735414426505,-0.3161730187596663,26.944301075268815,20.0,-0.9460674514893092,999.7,1461.2,2958.9,,2.5447985926350634,1.4281174072285865,27.02917562724014,18.0,-4.362902175256458,-0.42,0.22,1.26,2.06,1.6,0.84,0.0,0.0,286.65,0.2071366633761572,837.4000000000002,0.1,0.0,0.62,0.0,0.0,1.0,0.0,1.0,0.0,0.0,1.0,0.0,0.0,0.1,0.0,0.35,1063.63100601493,73.833,4.462500095367432,68.0,-7.120298593166774,1101.2305253383101,74.63,-0.7554271120370992,4.42710002263387,0.4501965202319491,1145.17057,74.395,4.442500114440918,68.0
2025-01-01,907.9,1464.3,2457.3999999999996,,2.223677299884762,1.3024641594121344,26.590465949820786,23.0,-4.002118217772834,911.1999999999996,1464.7999999999995,2610.8,,2.06422808871034,1.4043710270341438,26.77616487455197,7.0,-3.799581046842171,885.3999999999999,1500.7,3537.6,,1.0242028255346751,0.3605953138111453,26.584086021505374,8.0,-2.0374115375108133,974.8,1547.1,2876.2,,2.4044638332844035,1.7748496529758488,26.30982078853047,6.0,-3.0757247559016196,-0.45,0.08,0.82,1.92,1.83,1.12,0.0,0.0,288.525,0.3021340042779655,919.8250000000002,0.45,0.55,0.78,0.0,0.0,0.0,1.0,1.0,0.0,0.0,0.0,1.0,0.0,0.1,0.0,0.62,1047.62,79.206,4.387499809265137,72.52999877929688,-1.5053158402102307,1085.4738586716433,75.81133333333332,7.277233757263013,4.430833339691162,-1.6806786442459365,1063.63100601493,73.833,4.462500095367432,68.0
2025-02-01,874.4999999999999,1435.5,2536.6,,2.0079545275155617,1.1905043519526766,26.403878648233487,14.0,-2.1591669226830525,737.3999999999997,1479.1999999999998,2602.1,,0.9388415640864792,1.476721782259349,26.882910906298005,7.0,0.7589505888376848,735.9999999999998,1435.0,3338.8,,0.1792691385423234,0.1018354442027403,26.578609831029183,5.0,1.048293842805938,769.6999999999999,1626.6,3048.0,,1.2390823681829104,2.0954344255232114,26.305376344086017,3.0,1.010275793650795,-0.24,-0.07,0.49,1.62,1.99,1.37,0.0,0.0,204.225,0.1729700782195696,779.4000000000002,0.1,0.0,0.35,0.0,0.0,1.0,0.0,1.0,0.0,0.0,1.0,0.0,0.0,0.45,0.55,0.78,1068.51,75.157,4.452499866485596,69.76000213623047,1.994043641778509,1059.92033533831,76.06533333333333,-5.111986465671803,4.434166590372722,1.4814828500550048,1047.62,79.206,4.387499809265137,72.52999877929688
2025-03-01,908.0,1677.6999999999998,2784.6,,2.2249035598394404,2.1345768285526248,26.269470046082947,13.0,-1.1977037890424995,985.6999999999996,1735.1999999999998,2858.0,,2.546762369957045,2.7582739838253363,26.658179723502304,4.0,-1.3928850486431106,841.3999999999999,1672.1,3268.9,,0.7753595471599206,1.035971998599045,26.582910906298007,7.0,0.4229674219150006,674.5999999999999,1674.3,3177.0,,0.6984458311051885,2.2878956584659313,26.477419354838705,3.0,1.8181406169994896,-0.06,-0.17,0.22,1.26,2.06,1.6,0.0,0.0,359.675,0.2360156322238631,852.4250000000002,0.1,0.0,0.35,0.0,0.0,1.0,0.0,1.0,0.0,0.0,1.0,0.0,0.0,0.1,0.0,0.35,1011.43,72.574,4.432000160217285,71.4800033569336,-5.342018324582831,1042.52,75.64566666666667,-3.436805620234973,4.423999945322673,-0.4604089137119072,1068.51,75.157,4.452499866485596,69.76000213623047
2025-04-01,774.7,1682.6,2881.1,,1.3621758521722636,2.1538751682576738,26.50871735791091,18.0,2.1849530209933405,942.9999999999998,1854.2,2847.8999999999996,,2.269799502760404,3.354236110787822,26.945885816692268,9.0,-0.8911932923707155,812.5999999999999,1698.0,3219.5,,0.6122199967317544,1.1381968551166866,26.74771377368151,8.0,0.1054073860727093,721.1,1695.9,2926.8,,0.9618331140747884,2.3750692701582765,26.99910394265233,15.0,1.668440796210957,0.02,-0.21,0.08,0.82,1.92,1.83,0.0,0.0,248.95,0.1526652271411206,812.8500000000003,0.1,0.0,0.62,0.0,0.0,1.0,0.0,1.0,0.0,0.0,1.0,0.0,0.0,0.1,0.0,0.35,1119.53,67.745,4.324999809265137,58.209999084472656,10.687838011528239,1066.49,71.82533333333333,-6.653898090225141,4.403166611989339,-2.4142677591171946,1011.43,72.574,4.432000160217285,71.4800033569336
2025-05-01,884.4,1758.9,3045.2000000000003,,2.071240562891148,2.4510100388295664,26.82204301075269,29.0,1.1595282898105488,864.4999999999997,1601.9,2749.4,,1.7609127207873063,2.0910137066561583,27.31136200716846,18.0,0.8162260624680009,793.0999999999999,1529.1,2948.8,,0.5014881185693024,0.4726681915078833,27.028243727598568,20.0,1.3010579237071165,667.0,1436.6999999999998,2732.9,,0.6536331679348028,1.331145830291092,27.496953405017923,31.0,1.3029515488991308,-0.02,-0.3,-0.07,0.49,1.62,1.99,0.0,0.0,193.625,0.4582991257582705,802.2500000000002,0.1,0.0,0.62,0.0,0.0,1.0,0.0,1.0,0.0,0.0,1.0,0.0,0.0,0.1,0.0,0.62,1163.04675090909,64.206,4.237500190734863,60.790000915527344,3.8870553633301386,1098.00225030303,68.175,-5.224001771348441,4.331500053405762,-2.0231126563943214,1119.53,67.745,4.324999809265137,58.209999084472656
2025-06-01,675.9,1583.9,2890.8,43.83870967741933,0.7221691130111358,1.7691441323198265,26.997849462365593,37.0,0.8566949564772166,506.09999999999974,1491.8,2677.1,25.11935483870967,-0.5600537724453589,1.5398603078890545,27.67222222222222,27.0,1.23469470046083,558.3999999999999,1399.8,2728.8,45.98387096774192,-0.8260354841254586,-0.0367043064898237,27.129498207885305,21.0,-0.3830334741423442,516.3,1190.9,2652.1000000000004,28.03870967741936,-0.2032452734513401,0.3411098319713229,27.864516129032257,47.0,1.4766719790066567,-0.04,-0.42,-0.17,0.22,1.26,2.06,0.0,9.644516129032253,121.6,0.1148433893105852,564.1750000000002,0.1,0.0,0.6,0.0,0.0,1.0,0.0,1.0,0.0,0.0,1.0,0.0,0.0,0.1,0.0,0.62,1177.97,71.45,4.22599983215332,60.790000915527344,1.2831168720642827,1153.5155836363635,67.80033333333334,11.282434663427088,4.26283327738444,-0.27139488056396877,1163.04675090909,64.206,4.237500190734863,60.790000915527344
2025-07-01,550.2,1324.9,2789.2,61.68064516129033,-0.0914409467159243,0.7595028129223941,27.258602150537637,50.0,2.6347003328213,305.0999999999998,1248.1,2712.9,32.26129032258065,-1.86185370299757,0.3195451201688816,27.951182795698923,36.0,2.2637162058371754,356.99999999999983,1169.6,2670.3,83.08709677419354,-1.9656212375045965,-0.9439265211479446,27.47652329749104,32.0,2.8756869559651825,399.9,1121.0,2668.1,36.761290322580635,-0.8648844385644204,0.058977829240275,28.01810035842294,53.0,2.9974085381464413,-0.14,-0.45,-0.21,0.08,0.82,1.92,0.0,4.934451612903226,87.82500000000002,0.1154322988957444,403.05000000000024,0.1,0.0,0.72,0.0,0.0,1.0,0.0,1.0,0.0,0.0,1.0,0.0,0.0,0.1,0.0,0.6,1306.6,70.951,4.242499828338623,69.26000213623047,10.919632927833467,1215.8722503030301,68.86899999999999,-0.6983904828551601,4.235333283742269,0.3904400577530387,1177.97,71.45,4.22599983215332,60.790000915527344
2025-08-01,474.1,1358.5,2794.0,0.0,-0.5834090147915235,0.8902579298078391,27.087634408602153,47.0,0.9922809779825884,424.2999999999997,1288.8,2767.9999999999995,0.0,-1.0896194480769728,0.5231012980467722,27.666236559139787,36.0,0.7246033026113707,427.99999999999983,1221.1,2656.1,0.0,-1.563418408916805,-0.7409451862643951,27.063620071684586,23.0,-0.6183990655401956,350.69999999999993,1017.7,2644.2999999999997,22.68387096774194,-1.1441932556983214,-0.3572286758297632,27.865412186379928,48.0,1.8189407962109565,-0.28,-0.24,-0.3,-0.07,0.49,1.62,0.0,-0.0,209.85,0.1987754469438462,419.27500000000026,0.1,0.0,0.62,0.0,0.0,1.0,0.0,1.0,0.0,0.0,1.0,0.0,0.0,0.1,0.0,0.72,1244.55,68.203,4.207499980926514,64.01000213623047,-4.748966784019593,1243.0400000000002,70.20133333333332,-3.8730955166241365,4.225333213806152,-0.824981704850547,1306.6,70.951,4.242499828338623,69.26000213623047
2025-09-01,555.6,1231.5,2909.2000000000003,0.0,-0.0559850325802062,0.395387952245921,26.96985663082437,45.0,0.3741546338965698,597.7999999999997,1103.9,2839.1,0.0,0.0342644559470615,-0.4021916380736211,27.32068100358423,29.0,0.984454557091656,653.5999999999998,1212.0,2884.1,0.0,-0.2873272843727003,-0.7767629343321001,26.94139784946237,24.0,0.3379826548899132,455.2999999999999,971.6,2645.9,0.0,-0.549383329101019,-0.5428848352738228,27.57652329749104,38.0,0.4643897209421403,-0.4,-0.06,-0.42,-0.17,0.22,1.26,0.0,-0.0,267.90000000000003,0.2530437189294238,565.5750000000003,0.1,0.0,0.62,0.0,0.0,1.0,0.0,1.0,0.0,0.0,1.0,0.0,0.0,0.1,0.0,0.62,1159.27,67.951,4.212500095367432,62.369998931884766,-6.852275923024386,1236.8066666666668,69.03499999999998,-0.36948521326042316,4.2208333015441895,0.11883813341853067,1244.55,68.203,4.207499980926514,64.01000213623047
2025-10-01,671.3,1221.5,2904.1,,0.693139857267491,0.356549185223586,26.596738351254483,32.0,0.4465417306707628,667.5999999999997,972.7,2826.9,,0.4864121553046136,-1.0589359719821747,27.18089605734767,29.0,2.781502944188423,764.4999999999998,1121.5,2819.5,,0.3402593235891766,-1.1333208343367966,26.701612903225804,19.0,0.5657192140296949,552.5999999999999,952.5,2648.4,,0.0036265712859917,-0.6198406348231276,27.486200716845875,37.0,1.8810940220174075,-0.51,0.02,-0.45,-0.21,0.08,0.82,-1.0,-0.0,186.25,0.1344531448267125,664.0000000000002,0.1,0.0,0.62,0.0,0.0,1.0,0.0,1.0,0.0,0.0,1.0,0.0,0.0,0.1,0.0,0.62,1132.14834869565,64.651,4.197500228881836,60.97999954223633,-2.3395456886100785,1178.6561162318835,66.93499999999999,-4.856440670483142,4.205833435058594,-0.35607990851065363,1159.27,67.951,4.212500095367432,62.369998931884766
2025-11-01,621.6,1095.7,2854.6,,0.3715583388606284,-0.1334435202251462,26.640967741935484,31.0,0.0054781105990784,666.4999999999998,1090.8,2692.7,,0.4791573390179202,-0.4676400353223414,27.253620071684583,26.0,-0.1951906041986664,758.1999999999998,1186.2,2715.3,,0.3044238488696421,-0.8781813961272207,26.831684587813623,24.0,1.1852882104454672,856.0,1206.6999999999998,2643.3999999999996,,1.7280041039632377,0.403883669016679,27.209928315412185,27.0,-2.9452626088069636,-0.55,-0.02,-0.24,-0.3,-0.07,0.49,-1.0,-0.0,271.42499999999995,0.4474000643764348,725.5750000000003,0.1,0.0,0.6,0.0,0.0,1.0,0.0,1.0,0.0,0.0,1.0,0.0,0.0,0.1,0.0,0.62,1128.37,63.609,4.127999782562256,58.54999923706055,-0.3337326508494276,1139.9294495652168,65.40366666666667,-1.6117306770196849,4.179333368937175,-1.6557580114318182,1132.14834869565,64.651,4.197500228881836,60.97999954223633
2025-12-01,686.3000000000001,1241.9,2825.8,,0.7901679471425783,0.4363429637867485,26.599068100358423,24.0,-1.3770541474654383,829.5999999999998,1427.4,2919.2,,1.5355044328563612,1.2175839915064983,27.016810035842298,22.0,-2.7283465181771653,628.7999999999998,1282.4,2682.2000000000003,,-0.4273637083806662,-0.499126589773635,26.80426523297491,20.0,-0.2533246927803354,847.5999999999999,1302.9,2493.7999999999997,,1.6807406973161416,0.7917798804056102,26.91727598566308,21.0,-1.6368916410650272,-0.54,-0.04,-0.06,-0.42,-0.17,0.22,-1.0,-0.0,290.4,0.3717835792789123,748.0750000000002,0.1,0.0,0.62,0.0,0.0,1.0,0.0,1.0,0.0,0.0,1.0,0.0,0.0,0.1,0.0,0.6,1119.43,62.72,4.045000076293945,57.41999816894531,-0.7922933080460992,1126.6494495652169,63.66,-1.3976009684164237,4.123500029246013,-2.0106519050442473,1128.37,63.609,4.127999782562256,58.54999923706055
2026-01-01,623.6,1294.9,2619.8,,0.3848360396580941,0.6434060074431183,26.451756272401436,21.0,-1.0784251152073736,770.9999999999998,1438.6,2686.7000000000003,,1.1567484008250368,1.274312568096983,26.67379928315412,8.0,0.9997986431131594,542.6999999999998,1307.2,2476.8,,-0.9140447592585236,-0.4009994933076329,26.63759856630824,13.0,1.1808419738863272,705.5999999999999,1258.1999999999998,2379.2000000000003,,0.8748835090860534,0.6126562782261726,26.29146953405018,4.0,-0.7831550819252442,-0.37,-0.14,0.02,-0.45,-0.21,0.08,0.0,-0.0,98.9,0.434911135480847,660.7250000000001,0.0,0.0,,0.0,0.0,0.0,0.0,0.0,0.0,0.0,0.0,0.0,0.0,0.0,0.0,,1119.43,62.72,3.924999952316284,65.20999908447266,-0.7922933080460992,1126.6494495652169,63.66,-1.3976009684164237,4.032666603724162,-2.966628472541488,1119.43,62.72,4.045000076293945,57.41999816894531
2026-02-01,718.8000000000001,1340.4,2698.9,,1.0012508593162188,0.8209811292757202,26.12826420890937,10.0,-2.2323229646697396,656.6999999999998,1323.1999999999998,2612.0,,0.4170451752629467,0.6969463897467403,26.51935483870968,7.0,1.4302517921146958,527.1999999999998,1285.4,2506.5,,-1.0015273330880756,-0.4868785906008629,26.524423963133643,5.0,-0.09929531490015,370.49999999999994,1226.5,2244.2,,-1.029116869907372,0.4854067769942434,26.257104454685106,5.0,1.3810634280593952,-0.16,-0.28,-0.02,-0.24,-0.3,-0.07,0.0,-0.0,179.0,0.4505340967048383,568.3000000000002,0.0,0.0,,0.0,0.0,0.0,0.0,0.0,0.0,0.0,0.0,0.0,0.0,0.0,0.0,,1119.43,62.72,3.881999969482422,65.20999908447266,-0.7922933080460992,1126.6494495652169,63.66,-1.3976009684164237,3.950666666030884,-1.095540977229481,1119.43,62.72,3.924999952316284,65.20999908447266
2026-03-01,514.6,1200.9,2432.4,,-0.3196014384487841,0.2775694629965794,26.080952380952382,10.0,2.4748045314900153,358.59999999999985,1188.2,2292.1,,-1.5137129085396113,0.0210646088458,26.98172043010753,17.0,2.419741039426522,421.0999999999998,1049.9,2261.9,,-1.6018156282865623,-1.4145406245072505,26.670660522273423,8.0,2.5545449308755757,239.19999999999993,1086.8,2058.4,,-1.7763078003504882,-0.0774053608800377,26.963556067588325,29.0,4.731670186891961,-0.16,-0.4,-0.04,-0.06,-0.42,-0.17,0.0,-0.0,105.475,0.3361957591441973,383.3750000000002,0.0,0.0,,0.0,0.0,0.0,0.0,0.0,0.0,0.0,0.0,0.0,0.0,0.0,0.0,,1119.43,62.72,4.03000020980835,65.20999908447266,-0.7922933080460992,1126.6494495652169,63.66,-1.3976009684164237,3.945666710535685,3.812474020850143,1119.43,62.72,3.881999969482422,65.20999908447266
2026-04-01,434.1000000000001,1057.7,2279.2000000000003,,-0.8413316286203762,-0.2807906823432141,26.62529646697389,25.0,4.494297004608299,501.79999999999984,1272.8,2245.5,,-0.5871077416297663,0.4445282354430924,27.246666666666663,24.0,-1.357953046594984,554.9999999999998,1097.7,2219.2,,-0.844819260016407,-1.2262921425103672,26.85053149001536,11.0,0.1493879416282624,343.59999999999997,1049.2,2001.7,,-1.1845396601434603,-0.229071616809417,27.86187864823349,49.0,1.8162359575012808,-0.16,-0.51,-0.14,0.02,-0.45,-0.21,0.0,0.0,174.15,0.4540737619841958,458.6250000000002,0.0,0.0,,0.0,0.0,0.0,0.0,0.0,0.0,0.0,0.0,0.0,0.0,0.0,0.0,,,,3.9502999782562256,105.06999969482422,,,,,3.9541000525156655,-1.977673136545921,1119.43,62.72,4.03000020980835,65.20999908447266
